Image_Path,Predicted_Age,True_Age
/home/sarah/Deep-Learning/MS3/preprocessing/MS3_rawData/noFace/animals10_dog_2154.jpg,4,5
/home/sarah/Deep-Learning/MS3/preprocessing/MS3_rawData/UTKFace/72_0_face_4933.jpg,4,3
/home/sarah/Deep-Learning/MS3/preprocessing/MS3_rawData/UTKFace/54_1_face_22899.jpg,5,4
/home/sarah/Deep-Learning/MS3/preprocessing/MS3_rawData/noFace/animals10_spider_3938.jpg,1,3
/home/sarah/Deep-Learning/MS3/preprocessing/MS3_rawData/UTKFace/30_1_face_19090.jpg,4,5
/home/sarah/Deep-Learning/MS3/preprocessing/MS3_rawData/UTKFace/40_1_face_11961.jpg,4,5
/home/sarah/Deep-Learning/MS3/preprocessing/MS3_rawData/UTKFace/86_0_face_20183.jpg,4,3
/home/sarah/Deep-Learning/MS3/preprocessing/MS3_rawData/UTKFace/40_0_face_3320.jpg,4,3
/home/sarah/Deep-Learning/MS3/preprocessing/MS3_rawData/noFace/animals10_dog_1585.jpg,3,4
/home/sarah/Deep-Learning/MS3/preprocessing/MS3_rawData/UTKFace/38_1_face_3195.jpg,4,3
/home/sarah/Deep-Learning/MS3/preprocessing/MS3_rawData/UTKFace/24_1_face_2743.jpg,4,5
/home/sarah/Deep-Learning/MS3/preprocessing/MS3_rawData/UTKFace/54_1_face_22961.jpg,3,4
/home/sarah/Deep-Learning/MS3/preprocessing/MS3_rawData/UTKFace/12_1_face_10300.jpg,3,4
/home/sarah/Deep-Learning/MS3/preprocessing/MS3_rawData/UTKFace/25_0_face_13463.jpg,4,3
/home/sarah/Deep-Learning/MS3/preprocessing/MS3_rawData/noFace/monkey_n6_79.jpg,5,3
/home/sarah/Deep-Learning/MS3/preprocessing/MS3_rawData/noFace/animals10_spider_2841.jpg,3,4
/home/sarah/Deep-Learning/MS3/preprocessing/MS3_rawData/UTKFace/26_1_face_17852.jpg,4,3
/home/sarah/Deep-Learning/MS3/preprocessing/MS3_rawData/noFace/monkey_n9_73.jpg,3,4
/home/sarah/Deep-Learning/MS3/preprocessing/MS3_rawData/noFace/animals10_spider_805.jpg,1,4
/home/sarah/Deep-Learning/MS3/preprocessing/MS3_rawData/noFace/landscape_2927.jpg,1,2
/home/sarah/Deep-Learning/MS3/preprocessing/MS3_rawData/noFace/monkey_n1_81.jpg,4,3
/home/sarah/Deep-Learning/MS3/preprocessing/MS3_rawData/noFace/animals10_spider_4620.jpg,4,5
/home/sarah/Deep-Learning/MS3/preprocessing/MS3_rawData/noFace/natural_images_cat_133.jpg,4,5
/home/sarah/Deep-Learning/MS3/preprocessing/MS3_rawData/UTKFace/1_0_face_21866.jpg,4,3
/home/sarah/Deep-Learning/MS3/preprocessing/MS3_rawData/UTKFace/27_0_face_11291.jpg,4,3
/home/sarah/Deep-Learning/MS3/preprocessing/MS3_rawData/UTKFace/26_0_face_9124.jpg,5,6
/home/sarah/Deep-Learning/MS3/preprocessing/MS3_rawData/noFace/animals10_sheep_798.jpg,4,3
/home/sarah/Deep-Learning/MS3/preprocessing/MS3_rawData/UTKFace/1_1_face_17274.jpg,6,5
/home/sarah/Deep-Learning/MS3/preprocessing/MS3_rawData/noFace/animals10_elephant_47.jpg,1,2
/home/sarah/Deep-Learning/MS3/preprocessing/MS3_rawData/UTKFace/33_1_face_266.jpg,4,5
/home/sarah/Deep-Learning/MS3/preprocessing/MS3_rawData/UTKFace/4_1_face_18061.jpg,3,4
/home/sarah/Deep-Learning/MS3/preprocessing/MS3_rawData/UTKFace/26_0_face_5476.jpg,3,4
/home/sarah/Deep-Learning/MS3/preprocessing/MS3_rawData/UTKFace/35_1_face_6749.jpg,3,4
/home/sarah/Deep-Learning/MS3/preprocessing/MS3_rawData/noFace/animals10_elephant_461.jpg,6,5
/home/sarah/Deep-Learning/MS3/preprocessing/MS3_rawData/UTKFace/26_0_face_9924.jpg,4,3
/home/sarah/Deep-Learning/MS3/preprocessing/MS3_rawData/noFace/animals10_horse_2002.jpg,3,2
/home/sarah/Deep-Learning/MS3/preprocessing/MS3_rawData/noFace/animals10_butterfly_381.jpg,1,2
/home/sarah/Deep-Learning/MS3/preprocessing/MS3_rawData/UTKFace/30_0_face_5828.jpg,5,6
/home/sarah/Deep-Learning/MS3/preprocessing/MS3_rawData/noFace/animals10_dog_2335.jpg,2,1
/home/sarah/Deep-Learning/MS3/preprocessing/MS3_rawData/UTKFace/29_0_face_14268.jpg,4,3
/home/sarah/Deep-Learning/MS3/preprocessing/MS3_rawData/UTKFace/32_1_face_18276.jpg,4,3
/home/sarah/Deep-Learning/MS3/preprocessing/MS3_rawData/noFace/natural_images_airplane_420.jpg,3,4
/home/sarah/Deep-Learning/MS3/preprocessing/MS3_rawData/noFace/natural_images_flower_344.jpg,4,3
/home/sarah/Deep-Learning/MS3/preprocessing/MS3_rawData/UTKFace/37_1_face_2654.jpg,5,6
/home/sarah/Deep-Learning/MS3/preprocessing/MS3_rawData/noFace/animals10_butterfly_748.jpg,4,1
/home/sarah/Deep-Learning/MS3/preprocessing/MS3_rawData/UTKFace/5_0_face_16135.jpg,4,5
/home/sarah/Deep-Learning/MS3/preprocessing/MS3_rawData/UTKFace/58_0_face_11800.jpg,2,1
/home/sarah/Deep-Learning/MS3/preprocessing/MS3_rawData/noFace/animals10_sheep_375.jpg,5,4
/home/sarah/Deep-Learning/MS3/preprocessing/MS3_rawData/UTKFace/40_1_face_14723.jpg,4,3
/home/sarah/Deep-Learning/MS3/preprocessing/MS3_rawData/noFace/animals10_butterfly_1603.jpg,4,6
/home/sarah/Deep-Learning/MS3/preprocessing/MS3_rawData/UTKFace/20_0_face_5851.jpg,5,4
/home/sarah/Deep-Learning/MS3/preprocessing/MS3_rawData/UTKFace/28_0_face_12185.jpg,1,3
/home/sarah/Deep-Learning/MS3/preprocessing/MS3_rawData/UTKFace/26_0_face_20632.jpg,3,2
/home/sarah/Deep-Learning/MS3/preprocessing/MS3_rawData/UTKFace/63_0_face_13902.jpg,0,1
/home/sarah/Deep-Learning/MS3/preprocessing/MS3_rawData/noFace/monkey_n0_17.jpg,4,3
/home/sarah/Deep-Learning/MS3/preprocessing/MS3_rawData/UTKFace/22_1_face_8981.jpg,3,4
/home/sarah/Deep-Learning/MS3/preprocessing/MS3_rawData/UTKFace/40_0_face_11489.jpg,4,3
/home/sarah/Deep-Learning/MS3/preprocessing/MS3_rawData/noFace/natural_images_car_321.jpg,1,2
/home/sarah/Deep-Learning/MS3/preprocessing/MS3_rawData/noFace/natural_images_cat_459.jpg,4,3
/home/sarah/Deep-Learning/MS3/preprocessing/MS3_rawData/noFace/landscape_1518.jpg,2,1
/home/sarah/Deep-Learning/MS3/preprocessing/MS3_rawData/UTKFace/27_0_face_22181.jpg,4,3
/home/sarah/Deep-Learning/MS3/preprocessing/MS3_rawData/UTKFace/20_1_face_7133.jpg,0,1
/home/sarah/Deep-Learning/MS3/preprocessing/MS3_rawData/UTKFace/22_1_face_21996.jpg,4,3
/home/sarah/Deep-Learning/MS3/preprocessing/MS3_rawData/UTKFace/53_1_face_23200.jpg,3,4
/home/sarah/Deep-Learning/MS3/preprocessing/MS3_rawData/noFace/animals10_horse_1374.jpg,4,3
/home/sarah/Deep-Learning/MS3/preprocessing/MS3_rawData/UTKFace/36_0_face_13644.jpg,3,2
/home/sarah/Deep-Learning/MS3/preprocessing/MS3_rawData/UTKFace/18_0_face_5198.jpg,3,4
/home/sarah/Deep-Learning/MS3/preprocessing/MS3_rawData/noFace/animals10_horse_1905.jpg,3,2
/home/sarah/Deep-Learning/MS3/preprocessing/MS3_rawData/UTKFace/26_1_face_16878.jpg,5,4
/home/sarah/Deep-Learning/MS3/preprocessing/MS3_rawData/UTKFace/28_0_face_2545.jpg,3,4
/home/sarah/Deep-Learning/MS3/preprocessing/MS3_rawData/UTKFace/26_1_face_15022.jpg,4,3
/home/sarah/Deep-Learning/MS3/preprocessing/MS3_rawData/noFace/animals10_spider_2776.jpg,4,2
/home/sarah/Deep-Learning/MS3/preprocessing/MS3_rawData/noFace/landscape_2145.jpg,6,5
/home/sarah/Deep-Learning/MS3/preprocessing/MS3_rawData/noFace/landscape_801.jpg,3,4
/home/sarah/Deep-Learning/MS3/preprocessing/MS3_rawData/UTKFace/54_0_face_8579.jpg,3,4
/home/sarah/Deep-Learning/MS3/preprocessing/MS3_rawData/noFace/natural_images_dog_214.jpg,0,1
/home/sarah/Deep-Learning/MS3/preprocessing/MS3_rawData/UTKFace/35_0_face_18424.jpg,5,4
/home/sarah/Deep-Learning/MS3/preprocessing/MS3_rawData/UTKFace/75_1_face_1937.jpg,3,1
/home/sarah/Deep-Learning/MS3/preprocessing/MS3_rawData/noFace/animals10_spider_4327.jpg,4,5
/home/sarah/Deep-Learning/MS3/preprocessing/MS3_rawData/noFace/natural_images_motorbike_622.jpg,3,4
/home/sarah/Deep-Learning/MS3/preprocessing/MS3_rawData/noFace/animals10_cow_1067.jpg,3,4
/home/sarah/Deep-Learning/MS3/preprocessing/MS3_rawData/UTKFace/26_0_face_20256.jpg,4,3
/home/sarah/Deep-Learning/MS3/preprocessing/MS3_rawData/UTKFace/27_1_face_2952.jpg,3,4
/home/sarah/Deep-Learning/MS3/preprocessing/MS3_rawData/noFace/animals10_chicken_2680.jpg,4,3
/home/sarah/Deep-Learning/MS3/preprocessing/MS3_rawData/noFace/animals10_chicken_1585.jpg,3,2
/home/sarah/Deep-Learning/MS3/preprocessing/MS3_rawData/noFace/animals10_butterfly_1786.jpg,3,2
/home/sarah/Deep-Learning/MS3/preprocessing/MS3_rawData/UTKFace/58_1_face_18017.jpg,4,5
/home/sarah/Deep-Learning/MS3/preprocessing/MS3_rawData/noFace/animals10_squirrel_110.jpg,3,4
/home/sarah/Deep-Learning/MS3/preprocessing/MS3_rawData/UTKFace/58_0_face_15553.jpg,2,3
/home/sarah/Deep-Learning/MS3/preprocessing/MS3_rawData/noFace/landscape_3066.jpg,5,6
/home/sarah/Deep-Learning/MS3/preprocessing/MS3_rawData/UTKFace/37_1_face_5812.jpg,6,5
/home/sarah/Deep-Learning/MS3/preprocessing/MS3_rawData/UTKFace/31_1_face_23618.jpg,4,2
/home/sarah/Deep-Learning/MS3/preprocessing/MS3_rawData/UTKFace/30_0_face_5875.jpg,4,5
/home/sarah/Deep-Learning/MS3/preprocessing/MS3_rawData/noFace/animals10_spider_1256.jpg,5,6
/home/sarah/Deep-Learning/MS3/preprocessing/MS3_rawData/UTKFace/5_1_face_4976.jpg,3,4
/home/sarah/Deep-Learning/MS3/preprocessing/MS3_rawData/noFace/animals10_cow_1759.jpg,3,4
/home/sarah/Deep-Learning/MS3/preprocessing/MS3_rawData/UTKFace/10_0_face_1004.jpg,3,2
/home/sarah/Deep-Learning/MS3/preprocessing/MS3_rawData/noFace/animals10_horse_2041.jpg,1,2
/home/sarah/Deep-Learning/MS3/preprocessing/MS3_rawData/noFace/animals10_horse_2543.jpg,4,2
/home/sarah/Deep-Learning/MS3/preprocessing/MS3_rawData/UTKFace/68_1_face_17482.jpg,1,3
/home/sarah/Deep-Learning/MS3/preprocessing/MS3_rawData/UTKFace/36_1_face_4156.jpg,5,6
/home/sarah/Deep-Learning/MS3/preprocessing/MS3_rawData/noFace/animals10_elephant_1005.jpg,3,4
/home/sarah/Deep-Learning/MS3/preprocessing/MS3_rawData/UTKFace/1_1_face_12283.jpg,3,4
/home/sarah/Deep-Learning/MS3/preprocessing/MS3_rawData/noFace/natural_images_cat_760.jpg,3,2
/home/sarah/Deep-Learning/MS3/preprocessing/MS3_rawData/UTKFace/17_0_face_2514.jpg,3,4
/home/sarah/Deep-Learning/MS3/preprocessing/MS3_rawData/UTKFace/40_1_face_7746.jpg,4,3
/home/sarah/Deep-Learning/MS3/preprocessing/MS3_rawData/noFace/animals10_spider_3729.jpg,5,4
/home/sarah/Deep-Learning/MS3/preprocessing/MS3_rawData/noFace/animals10_dog_1971.jpg,4,2
/home/sarah/Deep-Learning/MS3/preprocessing/MS3_rawData/noFace/natural_images_car_24.jpg,4,5
/home/sarah/Deep-Learning/MS3/preprocessing/MS3_rawData/UTKFace/45_0_face_10923.jpg,4,5
/home/sarah/Deep-Learning/MS3/preprocessing/MS3_rawData/UTKFace/55_0_face_3267.jpg,5,4
/home/sarah/Deep-Learning/MS3/preprocessing/MS3_rawData/UTKFace/16_0_face_5470.jpg,1,2
/home/sarah/Deep-Learning/MS3/preprocessing/MS3_rawData/UTKFace/8_1_face_19642.jpg,4,3
/home/sarah/Deep-Learning/MS3/preprocessing/MS3_rawData/UTKFace/14_1_face_18790.jpg,4,3
/home/sarah/Deep-Learning/MS3/preprocessing/MS3_rawData/UTKFace/26_1_face_8437.jpg,5,4
/home/sarah/Deep-Learning/MS3/preprocessing/MS3_rawData/noFace/animals10_spider_589.jpg,3,2
/home/sarah/Deep-Learning/MS3/preprocessing/MS3_rawData/UTKFace/52_1_face_3137.jpg,5,3
/home/sarah/Deep-Learning/MS3/preprocessing/MS3_rawData/UTKFace/27_1_face_9758.jpg,4,3
/home/sarah/Deep-Learning/MS3/preprocessing/MS3_rawData/noFace/landscape_1718.jpg,2,4
/home/sarah/Deep-Learning/MS3/preprocessing/MS3_rawData/noFace/animals10_butterfly_1554.jpg,4,3
/home/sarah/Deep-Learning/MS3/preprocessing/MS3_rawData/UTKFace/35_0_face_7990.jpg,4,3
/home/sarah/Deep-Learning/MS3/preprocessing/MS3_rawData/noFace/animals10_chicken_1209.jpg,6,5
/home/sarah/Deep-Learning/MS3/preprocessing/MS3_rawData/noFace/landscape_4261.jpg,4,3
/home/sarah/Deep-Learning/MS3/preprocessing/MS3_rawData/UTKFace/84_1_face_369.jpg,3,4
/home/sarah/Deep-Learning/MS3/preprocessing/MS3_rawData/noFace/landscape_1010.jpg,5,4
/home/sarah/Deep-Learning/MS3/preprocessing/MS3_rawData/UTKFace/28_0_face_12065.jpg,5,1
/home/sarah/Deep-Learning/MS3/preprocessing/MS3_rawData/UTKFace/25_1_face_17431.jpg,5,6
/home/sarah/Deep-Learning/MS3/preprocessing/MS3_rawData/UTKFace/54_0_face_23004.jpg,4,5
/home/sarah/Deep-Learning/MS3/preprocessing/MS3_rawData/UTKFace/1_0_face_20146.jpg,1,2
/home/sarah/Deep-Learning/MS3/preprocessing/MS3_rawData/UTKFace/76_1_face_1659.jpg,4,3
/home/sarah/Deep-Learning/MS3/preprocessing/MS3_rawData/UTKFace/1_0_face_7208.jpg,3,2
/home/sarah/Deep-Learning/MS3/preprocessing/MS3_rawData/UTKFace/80_0_face_3657.jpg,3,4
/home/sarah/Deep-Learning/MS3/preprocessing/MS3_rawData/UTKFace/37_1_face_8056.jpg,4,3
/home/sarah/Deep-Learning/MS3/preprocessing/MS3_rawData/noFace/animals10_chicken_2196.jpg,6,5
/home/sarah/Deep-Learning/MS3/preprocessing/MS3_rawData/noFace/animals10_spider_857.jpg,5,6
/home/sarah/Deep-Learning/MS3/preprocessing/MS3_rawData/noFace/animals10_chicken_1348.jpg,3,4
/home/sarah/Deep-Learning/MS3/preprocessing/MS3_rawData/UTKFace/60_1_face_2121.jpg,4,3
/home/sarah/Deep-Learning/MS3/preprocessing/MS3_rawData/UTKFace/38_0_face_9526.jpg,3,4
/home/sarah/Deep-Learning/MS3/preprocessing/MS3_rawData/UTKFace/10_1_face_2782.jpg,4,3
/home/sarah/Deep-Learning/MS3/preprocessing/MS3_rawData/UTKFace/27_0_face_710.jpg,4,2
/home/sarah/Deep-Learning/MS3/preprocessing/MS3_rawData/UTKFace/60_0_face_22226.jpg,4,3
/home/sarah/Deep-Learning/MS3/preprocessing/MS3_rawData/UTKFace/22_1_face_9863.jpg,4,3
/home/sarah/Deep-Learning/MS3/preprocessing/MS3_rawData/UTKFace/65_0_face_16330.jpg,3,4
/home/sarah/Deep-Learning/MS3/preprocessing/MS3_rawData/noFace/animals10_horse_543.jpg,4,5
/home/sarah/Deep-Learning/MS3/preprocessing/MS3_rawData/UTKFace/45_1_face_5260.jpg,1,0
/home/sarah/Deep-Learning/MS3/preprocessing/MS3_rawData/noFace/animals10_spider_264.jpg,4,5
/home/sarah/Deep-Learning/MS3/preprocessing/MS3_rawData/noFace/animals10_dog_4148.jpg,3,4
/home/sarah/Deep-Learning/MS3/preprocessing/MS3_rawData/noFace/animals10_spider_1865.jpg,4,3
/home/sarah/Deep-Learning/MS3/preprocessing/MS3_rawData/UTKFace/39_1_face_18273.jpg,5,6
/home/sarah/Deep-Learning/MS3/preprocessing/MS3_rawData/UTKFace/54_0_face_21481.jpg,4,3
/home/sarah/Deep-Learning/MS3/preprocessing/MS3_rawData/UTKFace/45_0_face_5088.jpg,4,3
/home/sarah/Deep-Learning/MS3/preprocessing/MS3_rawData/UTKFace/12_0_face_9445.jpg,4,3
/home/sarah/Deep-Learning/MS3/preprocessing/MS3_rawData/UTKFace/42_1_face_8633.jpg,3,4
/home/sarah/Deep-Learning/MS3/preprocessing/MS3_rawData/UTKFace/1_1_face_11238.jpg,4,5
/home/sarah/Deep-Learning/MS3/preprocessing/MS3_rawData/noFace/landscape_4308.jpg,0,1
/home/sarah/Deep-Learning/MS3/preprocessing/MS3_rawData/UTKFace/26_1_face_20997.jpg,3,4
/home/sarah/Deep-Learning/MS3/preprocessing/MS3_rawData/UTKFace/58_0_face_5791.jpg,3,2
/home/sarah/Deep-Learning/MS3/preprocessing/MS3_rawData/UTKFace/26_1_face_9969.jpg,5,4
/home/sarah/Deep-Learning/MS3/preprocessing/MS3_rawData/UTKFace/34_1_face_6975.jpg,5,4
/home/sarah/Deep-Learning/MS3/preprocessing/MS3_rawData/UTKFace/26_0_face_14751.jpg,3,4
/home/sarah/Deep-Learning/MS3/preprocessing/MS3_rawData/UTKFace/18_1_face_1566.jpg,1,4
/home/sarah/Deep-Learning/MS3/preprocessing/MS3_rawData/UTKFace/26_1_face_8159.jpg,5,6
/home/sarah/Deep-Learning/MS3/preprocessing/MS3_rawData/noFace/animals10_spider_1036.jpg,5,6
/home/sarah/Deep-Learning/MS3/preprocessing/MS3_rawData/noFace/animals10_elephant_498.jpg,1,4
/home/sarah/Deep-Learning/MS3/preprocessing/MS3_rawData/UTKFace/52_1_face_18519.jpg,1,2
/home/sarah/Deep-Learning/MS3/preprocessing/MS3_rawData/UTKFace/25_1_face_19333.jpg,4,5
/home/sarah/Deep-Learning/MS3/preprocessing/MS3_rawData/UTKFace/26_0_face_23525.jpg,5,6
/home/sarah/Deep-Learning/MS3/preprocessing/MS3_rawData/UTKFace/17_1_face_20803.jpg,4,3
/home/sarah/Deep-Learning/MS3/preprocessing/MS3_rawData/UTKFace/50_1_face_4608.jpg,3,4
/home/sarah/Deep-Learning/MS3/preprocessing/MS3_rawData/UTKFace/99_1_face_20859.jpg,0,1
/home/sarah/Deep-Learning/MS3/preprocessing/MS3_rawData/UTKFace/26_1_face_9929.jpg,3,4
/home/sarah/Deep-Learning/MS3/preprocessing/MS3_rawData/UTKFace/26_0_face_16644.jpg,5,6
/home/sarah/Deep-Learning/MS3/preprocessing/MS3_rawData/noFace/animals10_elephant_1429.jpg,5,4
/home/sarah/Deep-Learning/MS3/preprocessing/MS3_rawData/UTKFace/34_0_face_6454.jpg,5,6
/home/sarah/Deep-Learning/MS3/preprocessing/MS3_rawData/UTKFace/26_1_face_12216.jpg,2,3
/home/sarah/Deep-Learning/MS3/preprocessing/MS3_rawData/UTKFace/32_1_face_14411.jpg,4,3
/home/sarah/Deep-Learning/MS3/preprocessing/MS3_rawData/UTKFace/45_0_face_21663.jpg,4,5
/home/sarah/Deep-Learning/MS3/preprocessing/MS3_rawData/noFace/monkey_n9_6.jpg,5,6
/home/sarah/Deep-Learning/MS3/preprocessing/MS3_rawData/UTKFace/21_1_face_6181.jpg,5,6
/home/sarah/Deep-Learning/MS3/preprocessing/MS3_rawData/noFace/animals10_butterfly_621.jpg,3,4
/home/sarah/Deep-Learning/MS3/preprocessing/MS3_rawData/UTKFace/32_0_face_13778.jpg,4,2
/home/sarah/Deep-Learning/MS3/preprocessing/MS3_rawData/UTKFace/22_1_face_2370.jpg,5,6
/home/sarah/Deep-Learning/MS3/preprocessing/MS3_rawData/UTKFace/75_1_face_1828.jpg,6,5
/home/sarah/Deep-Learning/MS3/preprocessing/MS3_rawData/UTKFace/40_0_face_3011.jpg,1,2
/home/sarah/Deep-Learning/MS3/preprocessing/MS3_rawData/noFace/natural_images_dog_441.jpg,4,3
/home/sarah/Deep-Learning/MS3/preprocessing/MS3_rawData/UTKFace/36_0_face_2067.jpg,3,4
/home/sarah/Deep-Learning/MS3/preprocessing/MS3_rawData/UTKFace/56_0_face_1209.jpg,4,3
/home/sarah/Deep-Learning/MS3/preprocessing/MS3_rawData/noFace/animals10_spider_4372.jpg,1,3
/home/sarah/Deep-Learning/MS3/preprocessing/MS3_rawData/UTKFace/61_1_face_11719.jpg,1,0
/home/sarah/Deep-Learning/MS3/preprocessing/MS3_rawData/noFace/animals10_elephant_126.jpg,4,5
/home/sarah/Deep-Learning/MS3/preprocessing/MS3_rawData/noFace/animals10_dog_223.jpg,3,2
/home/sarah/Deep-Learning/MS3/preprocessing/MS3_rawData/UTKFace/7_1_face_13528.jpg,3,2
/home/sarah/Deep-Learning/MS3/preprocessing/MS3_rawData/noFace/animals10_spider_3387.jpg,3,5
/home/sarah/Deep-Learning/MS3/preprocessing/MS3_rawData/UTKFace/50_1_face_6105.jpg,2,4
/home/sarah/Deep-Learning/MS3/preprocessing/MS3_rawData/UTKFace/11_0_face_7587.jpg,3,4
/home/sarah/Deep-Learning/MS3/preprocessing/MS3_rawData/UTKFace/32_0_face_5638.jpg,6,5
/home/sarah/Deep-Learning/MS3/preprocessing/MS3_rawData/noFace/landscape_1883.jpg,4,2
/home/sarah/Deep-Learning/MS3/preprocessing/MS3_rawData/noFace/animals10_dog_3860.jpg,4,3
/home/sarah/Deep-Learning/MS3/preprocessing/MS3_rawData/UTKFace/40_0_face_416.jpg,4,5
/home/sarah/Deep-Learning/MS3/preprocessing/MS3_rawData/UTKFace/32_1_face_14997.jpg,5,6
/home/sarah/Deep-Learning/MS3/preprocessing/MS3_rawData/UTKFace/30_0_face_6714.jpg,4,3
/home/sarah/Deep-Learning/MS3/preprocessing/MS3_rawData/UTKFace/28_0_face_10866.jpg,5,6
/home/sarah/Deep-Learning/MS3/preprocessing/MS3_rawData/UTKFace/58_0_face_17960.jpg,4,3
/home/sarah/Deep-Learning/MS3/preprocessing/MS3_rawData/noFace/natural_images_motorbike_345.jpg,3,4
/home/sarah/Deep-Learning/MS3/preprocessing/MS3_rawData/noFace/animals10_butterfly_1832.jpg,3,2
/home/sarah/Deep-Learning/MS3/preprocessing/MS3_rawData/noFace/animals10_cat_1040.jpg,3,4
/home/sarah/Deep-Learning/MS3/preprocessing/MS3_rawData/UTKFace/2_1_face_21128.jpg,3,4
/home/sarah/Deep-Learning/MS3/preprocessing/MS3_rawData/UTKFace/24_1_face_10108.jpg,2,3
/home/sarah/Deep-Learning/MS3/preprocessing/MS3_rawData/UTKFace/42_1_face_16818.jpg,4,5
/home/sarah/Deep-Learning/MS3/preprocessing/MS3_rawData/noFace/animals10_elephant_79.jpg,4,3
/home/sarah/Deep-Learning/MS3/preprocessing/MS3_rawData/noFace/natural_images_fruit_596.jpg,3,2
/home/sarah/Deep-Learning/MS3/preprocessing/MS3_rawData/noFace/animals10_horse_2048.jpg,5,6
/home/sarah/Deep-Learning/MS3/preprocessing/MS3_rawData/UTKFace/21_1_face_118.jpg,3,4
/home/sarah/Deep-Learning/MS3/preprocessing/MS3_rawData/UTKFace/2_0_face_6321.jpg,3,4
/home/sarah/Deep-Learning/MS3/preprocessing/MS3_rawData/UTKFace/9_0_face_764.jpg,4,3
/home/sarah/Deep-Learning/MS3/preprocessing/MS3_rawData/UTKFace/50_0_face_22087.jpg,3,1
/home/sarah/Deep-Learning/MS3/preprocessing/MS3_rawData/noFace/animals10_chicken_3056.jpg,3,2
/home/sarah/Deep-Learning/MS3/preprocessing/MS3_rawData/UTKFace/12_0_face_2584.jpg,4,3
/home/sarah/Deep-Learning/MS3/preprocessing/MS3_rawData/noFace/animals10_squirrel_1597.jpg,1,2
/home/sarah/Deep-Learning/MS3/preprocessing/MS3_rawData/UTKFace/35_1_face_2328.jpg,4,5
/home/sarah/Deep-Learning/MS3/preprocessing/MS3_rawData/noFace/natural_images_flower_820.jpg,3,4
/home/sarah/Deep-Learning/MS3/preprocessing/MS3_rawData/UTKFace/34_0_face_3684.jpg,4,5
/home/sarah/Deep-Learning/MS3/preprocessing/MS3_rawData/UTKFace/5_0_face_1727.jpg,4,5
/home/sarah/Deep-Learning/MS3/preprocessing/MS3_rawData/UTKFace/15_0_face_9224.jpg,4,3
/home/sarah/Deep-Learning/MS3/preprocessing/MS3_rawData/UTKFace/7_1_face_2959.jpg,3,1
/home/sarah/Deep-Learning/MS3/preprocessing/MS3_rawData/UTKFace/78_0_face_17226.jpg,3,2
/home/sarah/Deep-Learning/MS3/preprocessing/MS3_rawData/UTKFace/26_1_face_23637.jpg,0,1
/home/sarah/Deep-Learning/MS3/preprocessing/MS3_rawData/UTKFace/34_1_face_18202.jpg,2,1
/home/sarah/Deep-Learning/MS3/preprocessing/MS3_rawData/UTKFace/30_0_face_5545.jpg,5,4
/home/sarah/Deep-Learning/MS3/preprocessing/MS3_rawData/UTKFace/29_1_face_11437.jpg,4,3
/home/sarah/Deep-Learning/MS3/preprocessing/MS3_rawData/UTKFace/20_1_face_5843.jpg,3,4
/home/sarah/Deep-Learning/MS3/preprocessing/MS3_rawData/noFace/animals10_cat_1169.jpg,5,4
/home/sarah/Deep-Learning/MS3/preprocessing/MS3_rawData/UTKFace/51_0_face_14127.jpg,4,3
/home/sarah/Deep-Learning/MS3/preprocessing/MS3_rawData/UTKFace/49_1_face_19957.jpg,2,3
/home/sarah/Deep-Learning/MS3/preprocessing/MS3_rawData/UTKFace/23_1_face_3641.jpg,3,4
/home/sarah/Deep-Learning/MS3/preprocessing/MS3_rawData/noFace/natural_images_airplane_23.jpg,5,2
/home/sarah/Deep-Learning/MS3/preprocessing/MS3_rawData/UTKFace/1_1_face_2817.jpg,3,4
/home/sarah/Deep-Learning/MS3/preprocessing/MS3_rawData/noFace/animals10_cow_1140.jpg,4,3
/home/sarah/Deep-Learning/MS3/preprocessing/MS3_rawData/UTKFace/37_1_face_9973.jpg,5,4
/home/sarah/Deep-Learning/MS3/preprocessing/MS3_rawData/UTKFace/65_0_face_9185.jpg,4,5
/home/sarah/Deep-Learning/MS3/preprocessing/MS3_rawData/noFace/animals10_butterfly_1096.jpg,4,1
/home/sarah/Deep-Learning/MS3/preprocessing/MS3_rawData/noFace/animals10_dog_4700.jpg,3,4
/home/sarah/Deep-Learning/MS3/preprocessing/MS3_rawData/UTKFace/2_0_face_20116.jpg,4,5
/home/sarah/Deep-Learning/MS3/preprocessing/MS3_rawData/UTKFace/25_1_face_10182.jpg,2,4
/home/sarah/Deep-Learning/MS3/preprocessing/MS3_rawData/UTKFace/6_1_face_15487.jpg,3,4
/home/sarah/Deep-Learning/MS3/preprocessing/MS3_rawData/UTKFace/19_0_face_12628.jpg,4,5
/home/sarah/Deep-Learning/MS3/preprocessing/MS3_rawData/noFace/landscape_2487.jpg,5,6
/home/sarah/Deep-Learning/MS3/preprocessing/MS3_rawData/noFace/animals10_squirrel_1692.jpg,4,3
/home/sarah/Deep-Learning/MS3/preprocessing/MS3_rawData/UTKFace/58_0_face_23479.jpg,3,2
/home/sarah/Deep-Learning/MS3/preprocessing/MS3_rawData/UTKFace/32_0_face_6218.jpg,4,2
/home/sarah/Deep-Learning/MS3/preprocessing/MS3_rawData/UTKFace/28_1_face_5560.jpg,3,4
/home/sarah/Deep-Learning/MS3/preprocessing/MS3_rawData/noFace/animals10_spider_2759.jpg,6,5
/home/sarah/Deep-Learning/MS3/preprocessing/MS3_rawData/UTKFace/26_0_face_13767.jpg,4,5
/home/sarah/Deep-Learning/MS3/preprocessing/MS3_rawData/noFace/animals10_dog_3591.jpg,3,2
/home/sarah/Deep-Learning/MS3/preprocessing/MS3_rawData/UTKFace/83_1_face_16946.jpg,4,5
/home/sarah/Deep-Learning/MS3/preprocessing/MS3_rawData/noFace/natural_images_fruit_322.jpg,3,4
/home/sarah/Deep-Learning/MS3/preprocessing/MS3_rawData/noFace/animals10_spider_3110.jpg,3,4
/home/sarah/Deep-Learning/MS3/preprocessing/MS3_rawData/UTKFace/70_1_face_21597.jpg,4,3
/home/sarah/Deep-Learning/MS3/preprocessing/MS3_rawData/UTKFace/24_1_face_21589.jpg,3,4
/home/sarah/Deep-Learning/MS3/preprocessing/MS3_rawData/noFace/natural_images_airplane_700.jpg,4,5
/home/sarah/Deep-Learning/MS3/preprocessing/MS3_rawData/UTKFace/72_0_face_4108.jpg,4,5
/home/sarah/Deep-Learning/MS3/preprocessing/MS3_rawData/UTKFace/42_0_face_1565.jpg,3,4
/home/sarah/Deep-Learning/MS3/preprocessing/MS3_rawData/UTKFace/26_0_face_2137.jpg,3,2
/home/sarah/Deep-Learning/MS3/preprocessing/MS3_rawData/noFace/animals10_butterfly_1084.jpg,1,0
/home/sarah/Deep-Learning/MS3/preprocessing/MS3_rawData/UTKFace/44_1_face_9427.jpg,3,4
/home/sarah/Deep-Learning/MS3/preprocessing/MS3_rawData/noFace/landscape_963.jpg,4,5
/home/sarah/Deep-Learning/MS3/preprocessing/MS3_rawData/UTKFace/1_1_face_1534.jpg,2,1
/home/sarah/Deep-Learning/MS3/preprocessing/MS3_rawData/UTKFace/40_0_face_7284.jpg,5,4
/home/sarah/Deep-Learning/MS3/preprocessing/MS3_rawData/UTKFace/24_1_face_20644.jpg,0,2
/home/sarah/Deep-Learning/MS3/preprocessing/MS3_rawData/UTKFace/20_1_face_9452.jpg,3,4
/home/sarah/Deep-Learning/MS3/preprocessing/MS3_rawData/noFace/animals10_squirrel_1324.jpg,5,6
/home/sarah/Deep-Learning/MS3/preprocessing/MS3_rawData/noFace/animals10_elephant_974.jpg,3,4
/home/sarah/Deep-Learning/MS3/preprocessing/MS3_rawData/UTKFace/67_0_face_10671.jpg,4,5
/home/sarah/Deep-Learning/MS3/preprocessing/MS3_rawData/UTKFace/29_0_face_8588.jpg,3,4
/home/sarah/Deep-Learning/MS3/preprocessing/MS3_rawData/UTKFace/36_1_face_3671.jpg,4,2
/home/sarah/Deep-Learning/MS3/preprocessing/MS3_rawData/UTKFace/52_1_face_4547.jpg,0,1
/home/sarah/Deep-Learning/MS3/preprocessing/MS3_rawData/UTKFace/52_1_face_14340.jpg,4,3
/home/sarah/Deep-Learning/MS3/preprocessing/MS3_rawData/UTKFace/28_0_face_19.jpg,5,6
/home/sarah/Deep-Learning/MS3/preprocessing/MS3_rawData/UTKFace/58_0_face_2542.jpg,5,6
/home/sarah/Deep-Learning/MS3/preprocessing/MS3_rawData/UTKFace/43_0_face_12298.jpg,4,3
/home/sarah/Deep-Learning/MS3/preprocessing/MS3_rawData/UTKFace/27_1_face_14513.jpg,4,3
/home/sarah/Deep-Learning/MS3/preprocessing/MS3_rawData/UTKFace/31_0_face_4405.jpg,4,5
/home/sarah/Deep-Learning/MS3/preprocessing/MS3_rawData/UTKFace/52_0_face_5085.jpg,4,3
/home/sarah/Deep-Learning/MS3/preprocessing/MS3_rawData/noFace/animals10_spider_230.jpg,3,5
/home/sarah/Deep-Learning/MS3/preprocessing/MS3_rawData/UTKFace/6_0_face_12544.jpg,1,2
/home/sarah/Deep-Learning/MS3/preprocessing/MS3_rawData/UTKFace/35_0_face_19101.jpg,3,2
/home/sarah/Deep-Learning/MS3/preprocessing/MS3_rawData/UTKFace/58_0_face_19545.jpg,3,4
/home/sarah/Deep-Learning/MS3/preprocessing/MS3_rawData/UTKFace/36_1_face_3063.jpg,4,5
/home/sarah/Deep-Learning/MS3/preprocessing/MS3_rawData/UTKFace/61_0_face_1903.jpg,3,4
/home/sarah/Deep-Learning/MS3/preprocessing/MS3_rawData/noFace/landscape_741.jpg,4,3
/home/sarah/Deep-Learning/MS3/preprocessing/MS3_rawData/noFace/animals10_spider_606.jpg,2,1
/home/sarah/Deep-Learning/MS3/preprocessing/MS3_rawData/noFace/landscape_898.jpg,4,3
/home/sarah/Deep-Learning/MS3/preprocessing/MS3_rawData/noFace/animals10_squirrel_1855.jpg,4,3
/home/sarah/Deep-Learning/MS3/preprocessing/MS3_rawData/UTKFace/39_0_face_13817.jpg,4,3
/home/sarah/Deep-Learning/MS3/preprocessing/MS3_rawData/UTKFace/26_0_face_12043.jpg,5,4
/home/sarah/Deep-Learning/MS3/preprocessing/MS3_rawData/UTKFace/45_1_face_10067.jpg,3,4
/home/sarah/Deep-Learning/MS3/preprocessing/MS3_rawData/UTKFace/12_1_face_3297.jpg,4,1
/home/sarah/Deep-Learning/MS3/preprocessing/MS3_rawData/UTKFace/26_1_face_21977.jpg,1,3
/home/sarah/Deep-Learning/MS3/preprocessing/MS3_rawData/UTKFace/27_1_face_17443.jpg,3,4
/home/sarah/Deep-Learning/MS3/preprocessing/MS3_rawData/UTKFace/25_0_face_15957.jpg,3,2
/home/sarah/Deep-Learning/MS3/preprocessing/MS3_rawData/UTKFace/1_0_face_15462.jpg,3,2
/home/sarah/Deep-Learning/MS3/preprocessing/MS3_rawData/UTKFace/1_1_face_12281.jpg,4,5
/home/sarah/Deep-Learning/MS3/preprocessing/MS3_rawData/noFace/animals10_spider_3754.jpg,4,5
/home/sarah/Deep-Learning/MS3/preprocessing/MS3_rawData/noFace/animals10_cow_308.jpg,4,3
/home/sarah/Deep-Learning/MS3/preprocessing/MS3_rawData/noFace/animals10_spider_2456.jpg,4,3
/home/sarah/Deep-Learning/MS3/preprocessing/MS3_rawData/UTKFace/1_0_face_23648.jpg,5,6
/home/sarah/Deep-Learning/MS3/preprocessing/MS3_rawData/noFace/natural_images_fruit_862.jpg,4,5
/home/sarah/Deep-Learning/MS3/preprocessing/MS3_rawData/UTKFace/65_1_face_3948.jpg,4,2
/home/sarah/Deep-Learning/MS3/preprocessing/MS3_rawData/UTKFace/22_0_face_5383.jpg,4,5
/home/sarah/Deep-Learning/MS3/preprocessing/MS3_rawData/noFace/animals10_dog_4834.jpg,3,4
/home/sarah/Deep-Learning/MS3/preprocessing/MS3_rawData/noFace/landscape_3732.jpg,6,5
/home/sarah/Deep-Learning/MS3/preprocessing/MS3_rawData/UTKFace/7_1_face_16957.jpg,3,2
/home/sarah/Deep-Learning/MS3/preprocessing/MS3_rawData/UTKFace/41_0_face_17256.jpg,5,2
/home/sarah/Deep-Learning/MS3/preprocessing/MS3_rawData/UTKFace/23_1_face_4967.jpg,4,3
/home/sarah/Deep-Learning/MS3/preprocessing/MS3_rawData/noFace/natural_images_airplane_519.jpg,3,4
/home/sarah/Deep-Learning/MS3/preprocessing/MS3_rawData/UTKFace/5_0_face_777.jpg,3,4
/home/sarah/Deep-Learning/MS3/preprocessing/MS3_rawData/noFace/animals10_dog_2039.jpg,4,3
/home/sarah/Deep-Learning/MS3/preprocessing/MS3_rawData/noFace/animals10_spider_623.jpg,3,5
/home/sarah/Deep-Learning/MS3/preprocessing/MS3_rawData/noFace/natural_images_motorbike_585.jpg,4,5
/home/sarah/Deep-Learning/MS3/preprocessing/MS3_rawData/UTKFace/82_0_face_11546.jpg,3,4
/home/sarah/Deep-Learning/MS3/preprocessing/MS3_rawData/UTKFace/33_0_face_21330.jpg,5,3
/home/sarah/Deep-Learning/MS3/preprocessing/MS3_rawData/UTKFace/37_0_face_2105.jpg,2,3
/home/sarah/Deep-Learning/MS3/preprocessing/MS3_rawData/noFace/animals10_squirrel_732.jpg,3,4
/home/sarah/Deep-Learning/MS3/preprocessing/MS3_rawData/UTKFace/26_1_face_3410.jpg,4,5
/home/sarah/Deep-Learning/MS3/preprocessing/MS3_rawData/UTKFace/21_1_face_7918.jpg,4,3
/home/sarah/Deep-Learning/MS3/preprocessing/MS3_rawData/UTKFace/32_0_face_23224.jpg,3,4
/home/sarah/Deep-Learning/MS3/preprocessing/MS3_rawData/UTKFace/30_0_face_19035.jpg,4,3
/home/sarah/Deep-Learning/MS3/preprocessing/MS3_rawData/noFace/animals10_squirrel_1091.jpg,4,5
/home/sarah/Deep-Learning/MS3/preprocessing/MS3_rawData/noFace/animals10_spider_757.jpg,3,2
/home/sarah/Deep-Learning/MS3/preprocessing/MS3_rawData/noFace/animals10_butterfly_590.jpg,5,4
/home/sarah/Deep-Learning/MS3/preprocessing/MS3_rawData/noFace/natural_images_motorbike_722.jpg,3,2
/home/sarah/Deep-Learning/MS3/preprocessing/MS3_rawData/noFace/natural_images_flower_255.jpg,5,4
/home/sarah/Deep-Learning/MS3/preprocessing/MS3_rawData/UTKFace/34_0_face_10374.jpg,4,3
/home/sarah/Deep-Learning/MS3/preprocessing/MS3_rawData/UTKFace/56_1_face_6041.jpg,4,2
/home/sarah/Deep-Learning/MS3/preprocessing/MS3_rawData/UTKFace/39_0_face_23116.jpg,0,1
/home/sarah/Deep-Learning/MS3/preprocessing/MS3_rawData/UTKFace/1_1_face_603.jpg,4,3
/home/sarah/Deep-Learning/MS3/preprocessing/MS3_rawData/UTKFace/30_1_face_11427.jpg,3,4
/home/sarah/Deep-Learning/MS3/preprocessing/MS3_rawData/UTKFace/46_1_face_6894.jpg,3,4
/home/sarah/Deep-Learning/MS3/preprocessing/MS3_rawData/noFace/animals10_sheep_1095.jpg,4,5
/home/sarah/Deep-Learning/MS3/preprocessing/MS3_rawData/UTKFace/80_1_face_15424.jpg,4,3
/home/sarah/Deep-Learning/MS3/preprocessing/MS3_rawData/noFace/animals10_chicken_2552.jpg,3,4
/home/sarah/Deep-Learning/MS3/preprocessing/MS3_rawData/noFace/natural_images_cat_279.jpg,4,5
/home/sarah/Deep-Learning/MS3/preprocessing/MS3_rawData/UTKFace/26_1_face_21155.jpg,2,1
/home/sarah/Deep-Learning/MS3/preprocessing/MS3_rawData/UTKFace/26_1_face_5632.jpg,4,3
/home/sarah/Deep-Learning/MS3/preprocessing/MS3_rawData/UTKFace/26_1_face_7481.jpg,5,4
/home/sarah/Deep-Learning/MS3/preprocessing/MS3_rawData/UTKFace/18_1_face_20393.jpg,3,2
/home/sarah/Deep-Learning/MS3/preprocessing/MS3_rawData/noFace/animals10_elephant_635.jpg,1,2
/home/sarah/Deep-Learning/MS3/preprocessing/MS3_rawData/noFace/animals10_butterfly_822.jpg,5,3
/home/sarah/Deep-Learning/MS3/preprocessing/MS3_rawData/UTKFace/39_1_face_10544.jpg,3,4
/home/sarah/Deep-Learning/MS3/preprocessing/MS3_rawData/UTKFace/2_0_face_15230.jpg,4,3
/home/sarah/Deep-Learning/MS3/preprocessing/MS3_rawData/noFace/landscape_3260.jpg,3,4
/home/sarah/Deep-Learning/MS3/preprocessing/MS3_rawData/UTKFace/53_0_face_3863.jpg,3,4
/home/sarah/Deep-Learning/MS3/preprocessing/MS3_rawData/UTKFace/28_0_face_5264.jpg,5,4
/home/sarah/Deep-Learning/MS3/preprocessing/MS3_rawData/noFace/animals10_butterfly_1390.jpg,4,3
/home/sarah/Deep-Learning/MS3/preprocessing/MS3_rawData/noFace/animals10_dog_2291.jpg,4,5
/home/sarah/Deep-Learning/MS3/preprocessing/MS3_rawData/noFace/animals10_butterfly_770.jpg,4,3
/home/sarah/Deep-Learning/MS3/preprocessing/MS3_rawData/UTKFace/18_1_face_6042.jpg,5,6
/home/sarah/Deep-Learning/MS3/preprocessing/MS3_rawData/UTKFace/30_0_face_3059.jpg,3,4
/home/sarah/Deep-Learning/MS3/preprocessing/MS3_rawData/UTKFace/80_0_face_1165.jpg,3,2
/home/sarah/Deep-Learning/MS3/preprocessing/MS3_rawData/UTKFace/29_0_face_16482.jpg,3,1
/home/sarah/Deep-Learning/MS3/preprocessing/MS3_rawData/UTKFace/59_0_face_6752.jpg,5,3
/home/sarah/Deep-Learning/MS3/preprocessing/MS3_rawData/UTKFace/21_0_face_10857.jpg,3,2
/home/sarah/Deep-Learning/MS3/preprocessing/MS3_rawData/noFace/animals10_dog_239.jpg,3,2
/home/sarah/Deep-Learning/MS3/preprocessing/MS3_rawData/noFace/animals10_cat_1442.jpg,4,5
/home/sarah/Deep-Learning/MS3/preprocessing/MS3_rawData/noFace/monkey_n1_57.jpg,3,4
/home/sarah/Deep-Learning/MS3/preprocessing/MS3_rawData/UTKFace/25_0_face_1583.jpg,1,2
/home/sarah/Deep-Learning/MS3/preprocessing/MS3_rawData/UTKFace/72_0_face_13491.jpg,1,0
/home/sarah/Deep-Learning/MS3/preprocessing/MS3_rawData/UTKFace/69_1_face_6734.jpg,3,4
/home/sarah/Deep-Learning/MS3/preprocessing/MS3_rawData/UTKFace/26_1_face_9648.jpg,4,2
/home/sarah/Deep-Learning/MS3/preprocessing/MS3_rawData/noFace/animals10_cow_1670.jpg,6,5
/home/sarah/Deep-Learning/MS3/preprocessing/MS3_rawData/UTKFace/32_0_face_8225.jpg,1,2
/home/sarah/Deep-Learning/MS3/preprocessing/MS3_rawData/noFace/animals10_chicken_1763.jpg,4,5
/home/sarah/Deep-Learning/MS3/preprocessing/MS3_rawData/UTKFace/15_1_face_16738.jpg,4,5
/home/sarah/Deep-Learning/MS3/preprocessing/MS3_rawData/UTKFace/47_0_face_17409.jpg,3,1
/home/sarah/Deep-Learning/MS3/preprocessing/MS3_rawData/noFace/landscape_3747.jpg,4,3
/home/sarah/Deep-Learning/MS3/preprocessing/MS3_rawData/UTKFace/22_1_face_14454.jpg,4,5
/home/sarah/Deep-Learning/MS3/preprocessing/MS3_rawData/UTKFace/42_0_face_4268.jpg,4,5
/home/sarah/Deep-Learning/MS3/preprocessing/MS3_rawData/noFace/animals10_chicken_2722.jpg,4,3
/home/sarah/Deep-Learning/MS3/preprocessing/MS3_rawData/UTKFace/22_0_face_10117.jpg,3,4
/home/sarah/Deep-Learning/MS3/preprocessing/MS3_rawData/noFace/animals10_dog_556.jpg,3,4
/home/sarah/Deep-Learning/MS3/preprocessing/MS3_rawData/UTKFace/38_0_face_7869.jpg,1,2
/home/sarah/Deep-Learning/MS3/preprocessing/MS3_rawData/UTKFace/76_1_face_17493.jpg,5,6
/home/sarah/Deep-Learning/MS3/preprocessing/MS3_rawData/noFace/animals10_chicken_2206.jpg,4,3
/home/sarah/Deep-Learning/MS3/preprocessing/MS3_rawData/noFace/animals10_sheep_1428.jpg,5,6
/home/sarah/Deep-Learning/MS3/preprocessing/MS3_rawData/UTKFace/36_0_face_20449.jpg,5,2
/home/sarah/Deep-Learning/MS3/preprocessing/MS3_rawData/UTKFace/26_1_face_5785.jpg,3,4
/home/sarah/Deep-Learning/MS3/preprocessing/MS3_rawData/noFace/animals10_dog_159.jpg,3,4
/home/sarah/Deep-Learning/MS3/preprocessing/MS3_rawData/noFace/animals10_spider_1022.jpg,3,4
/home/sarah/Deep-Learning/MS3/preprocessing/MS3_rawData/noFace/animals10_dog_793.jpg,2,1
/home/sarah/Deep-Learning/MS3/preprocessing/MS3_rawData/noFace/animals10_spider_4221.jpg,4,3
/home/sarah/Deep-Learning/MS3/preprocessing/MS3_rawData/UTKFace/40_0_face_7383.jpg,6,5
/home/sarah/Deep-Learning/MS3/preprocessing/MS3_rawData/UTKFace/26_0_face_11584.jpg,1,2
/home/sarah/Deep-Learning/MS3/preprocessing/MS3_rawData/noFace/natural_images_flower_244.jpg,4,3
/home/sarah/Deep-Learning/MS3/preprocessing/MS3_rawData/UTKFace/27_0_face_22997.jpg,3,4
/home/sarah/Deep-Learning/MS3/preprocessing/MS3_rawData/UTKFace/40_1_face_15807.jpg,1,2
/home/sarah/Deep-Learning/MS3/preprocessing/MS3_rawData/noFace/animals10_spider_812.jpg,4,3
/home/sarah/Deep-Learning/MS3/preprocessing/MS3_rawData/UTKFace/17_0_face_3044.jpg,3,2
/home/sarah/Deep-Learning/MS3/preprocessing/MS3_rawData/UTKFace/14_0_face_14776.jpg,1,3
/home/sarah/Deep-Learning/MS3/preprocessing/MS3_rawData/UTKFace/79_0_face_6548.jpg,3,4
/home/sarah/Deep-Learning/MS3/preprocessing/MS3_rawData/noFace/animals10_butterfly_1382.jpg,3,4
/home/sarah/Deep-Learning/MS3/preprocessing/MS3_rawData/UTKFace/45_0_face_8689.jpg,3,4
/home/sarah/Deep-Learning/MS3/preprocessing/MS3_rawData/UTKFace/36_0_face_16971.jpg,4,5
/home/sarah/Deep-Learning/MS3/preprocessing/MS3_rawData/UTKFace/28_1_face_7750.jpg,4,5
/home/sarah/Deep-Learning/MS3/preprocessing/MS3_rawData/noFace/animals10_horse_1434.jpg,5,6
/home/sarah/Deep-Learning/MS3/preprocessing/MS3_rawData/UTKFace/36_1_face_5811.jpg,6,5
/home/sarah/Deep-Learning/MS3/preprocessing/MS3_rawData/UTKFace/36_0_face_324.jpg,3,2
/home/sarah/Deep-Learning/MS3/preprocessing/MS3_rawData/UTKFace/26_1_face_7965.jpg,2,4
/home/sarah/Deep-Learning/MS3/preprocessing/MS3_rawData/noFace/natural_images_fruit_763.jpg,5,6
/home/sarah/Deep-Learning/MS3/preprocessing/MS3_rawData/UTKFace/1_0_face_6891.jpg,3,4
/home/sarah/Deep-Learning/MS3/preprocessing/MS3_rawData/UTKFace/1_1_face_12870.jpg,3,4
/home/sarah/Deep-Learning/MS3/preprocessing/MS3_rawData/UTKFace/32_0_face_16884.jpg,1,2
/home/sarah/Deep-Learning/MS3/preprocessing/MS3_rawData/UTKFace/22_1_face_11713.jpg,4,3
/home/sarah/Deep-Learning/MS3/preprocessing/MS3_rawData/UTKFace/25_0_face_15235.jpg,4,3
/home/sarah/Deep-Learning/MS3/preprocessing/MS3_rawData/UTKFace/24_1_face_5179.jpg,4,5
/home/sarah/Deep-Learning/MS3/preprocessing/MS3_rawData/UTKFace/25_0_face_16168.jpg,4,3
/home/sarah/Deep-Learning/MS3/preprocessing/MS3_rawData/UTKFace/9_0_face_10001.jpg,5,4
/home/sarah/Deep-Learning/MS3/preprocessing/MS3_rawData/UTKFace/52_0_face_11372.jpg,5,4
/home/sarah/Deep-Learning/MS3/preprocessing/MS3_rawData/UTKFace/80_1_face_3626.jpg,4,3
/home/sarah/Deep-Learning/MS3/preprocessing/MS3_rawData/UTKFace/22_1_face_7675.jpg,5,6
/home/sarah/Deep-Learning/MS3/preprocessing/MS3_rawData/UTKFace/32_1_face_19637.jpg,3,4
/home/sarah/Deep-Learning/MS3/preprocessing/MS3_rawData/noFace/animals10_chicken_643.jpg,4,5
/home/sarah/Deep-Learning/MS3/preprocessing/MS3_rawData/UTKFace/12_0_face_8379.jpg,5,6
/home/sarah/Deep-Learning/MS3/preprocessing/MS3_rawData/noFace/natural_images_motorbike_400.jpg,4,5
/home/sarah/Deep-Learning/MS3/preprocessing/MS3_rawData/UTKFace/26_0_face_18101.jpg,5,2
/home/sarah/Deep-Learning/MS3/preprocessing/MS3_rawData/UTKFace/35_0_face_7648.jpg,5,4
/home/sarah/Deep-Learning/MS3/preprocessing/MS3_rawData/noFace/animals10_spider_373.jpg,5,6
/home/sarah/Deep-Learning/MS3/preprocessing/MS3_rawData/noFace/animals10_sheep_1193.jpg,5,4
/home/sarah/Deep-Learning/MS3/preprocessing/MS3_rawData/noFace/animals10_butterfly_85.jpg,5,4
/home/sarah/Deep-Learning/MS3/preprocessing/MS3_rawData/UTKFace/26_0_face_22193.jpg,3,4
/home/sarah/Deep-Learning/MS3/preprocessing/MS3_rawData/UTKFace/26_1_face_3807.jpg,3,2
/home/sarah/Deep-Learning/MS3/preprocessing/MS3_rawData/UTKFace/52_0_face_5953.jpg,3,4
/home/sarah/Deep-Learning/MS3/preprocessing/MS3_rawData/noFace/natural_images_car_450.jpg,4,3
/home/sarah/Deep-Learning/MS3/preprocessing/MS3_rawData/noFace/animals10_spider_1839.jpg,4,5
/home/sarah/Deep-Learning/MS3/preprocessing/MS3_rawData/UTKFace/4_1_face_4668.jpg,5,4
/home/sarah/Deep-Learning/MS3/preprocessing/MS3_rawData/noFace/animals10_horse_62.jpg,3,4
/home/sarah/Deep-Learning/MS3/preprocessing/MS3_rawData/UTKFace/26_1_face_22986.jpg,3,4
/home/sarah/Deep-Learning/MS3/preprocessing/MS3_rawData/noFace/natural_images_motorbike_778.jpg,3,4
/home/sarah/Deep-Learning/MS3/preprocessing/MS3_rawData/UTKFace/29_1_face_1607.jpg,0,1
/home/sarah/Deep-Learning/MS3/preprocessing/MS3_rawData/UTKFace/34_0_face_19961.jpg,4,5
/home/sarah/Deep-Learning/MS3/preprocessing/MS3_rawData/UTKFace/44_1_face_20793.jpg,5,4
/home/sarah/Deep-Learning/MS3/preprocessing/MS3_rawData/noFace/animals10_cow_1003.jpg,5,4
/home/sarah/Deep-Learning/MS3/preprocessing/MS3_rawData/noFace/animals10_elephant_119.jpg,4,5
/home/sarah/Deep-Learning/MS3/preprocessing/MS3_rawData/noFace/monkey_n9_47.jpg,5,6
/home/sarah/Deep-Learning/MS3/preprocessing/MS3_rawData/UTKFace/49_0_face_8975.jpg,4,5
/home/sarah/Deep-Learning/MS3/preprocessing/MS3_rawData/UTKFace/28_1_face_11444.jpg,3,2
/home/sarah/Deep-Learning/MS3/preprocessing/MS3_rawData/UTKFace/27_1_face_15522.jpg,1,2
/home/sarah/Deep-Learning/MS3/preprocessing/MS3_rawData/UTKFace/28_0_face_3489.jpg,4,3
/home/sarah/Deep-Learning/MS3/preprocessing/MS3_rawData/UTKFace/26_1_face_17178.jpg,3,2
/home/sarah/Deep-Learning/MS3/preprocessing/MS3_rawData/noFace/animals10_horse_812.jpg,5,6
/home/sarah/Deep-Learning/MS3/preprocessing/MS3_rawData/UTKFace/85_0_face_16942.jpg,4,3
/home/sarah/Deep-Learning/MS3/preprocessing/MS3_rawData/UTKFace/28_1_face_19276.jpg,3,4
/home/sarah/Deep-Learning/MS3/preprocessing/MS3_rawData/UTKFace/30_0_face_7898.jpg,6,5
/home/sarah/Deep-Learning/MS3/preprocessing/MS3_rawData/noFace/natural_images_car_375.jpg,4,2
/home/sarah/Deep-Learning/MS3/preprocessing/MS3_rawData/noFace/animals10_cat_1478.jpg,0,1
/home/sarah/Deep-Learning/MS3/preprocessing/MS3_rawData/UTKFace/56_0_face_22834.jpg,4,6
/home/sarah/Deep-Learning/MS3/preprocessing/MS3_rawData/noFace/animals10_spider_2201.jpg,3,2
/home/sarah/Deep-Learning/MS3/preprocessing/MS3_rawData/UTKFace/31_1_face_10154.jpg,4,3
/home/sarah/Deep-Learning/MS3/preprocessing/MS3_rawData/UTKFace/60_0_face_7944.jpg,3,4
/home/sarah/Deep-Learning/MS3/preprocessing/MS3_rawData/UTKFace/14_1_face_540.jpg,1,3
/home/sarah/Deep-Learning/MS3/preprocessing/MS3_rawData/UTKFace/26_0_face_562.jpg,3,2
/home/sarah/Deep-Learning/MS3/preprocessing/MS3_rawData/noFace/animals10_dog_4387.jpg,3,4
/home/sarah/Deep-Learning/MS3/preprocessing/MS3_rawData/UTKFace/40_0_face_677.jpg,6,5
/home/sarah/Deep-Learning/MS3/preprocessing/MS3_rawData/UTKFace/24_1_face_6719.jpg,4,2
/home/sarah/Deep-Learning/MS3/preprocessing/MS3_rawData/UTKFace/26_1_face_10120.jpg,5,6
/home/sarah/Deep-Learning/MS3/preprocessing/MS3_rawData/noFace/animals10_spider_825.jpg,6,4
/home/sarah/Deep-Learning/MS3/preprocessing/MS3_rawData/noFace/natural_images_fruit_610.jpg,5,6
/home/sarah/Deep-Learning/MS3/preprocessing/MS3_rawData/UTKFace/7_1_face_20909.jpg,5,4
/home/sarah/Deep-Learning/MS3/preprocessing/MS3_rawData/UTKFace/30_0_face_12282.jpg,4,3
/home/sarah/Deep-Learning/MS3/preprocessing/MS3_rawData/UTKFace/24_0_face_7690.jpg,0,1
/home/sarah/Deep-Learning/MS3/preprocessing/MS3_rawData/UTKFace/37_0_face_3433.jpg,3,4
/home/sarah/Deep-Learning/MS3/preprocessing/MS3_rawData/noFace/animals10_cat_1000.jpg,4,3
/home/sarah/Deep-Learning/MS3/preprocessing/MS3_rawData/UTKFace/6_0_face_16165.jpg,5,4
/home/sarah/Deep-Learning/MS3/preprocessing/MS3_rawData/UTKFace/60_1_face_4916.jpg,5,6
/home/sarah/Deep-Learning/MS3/preprocessing/MS3_rawData/UTKFace/43_1_face_5748.jpg,3,4
/home/sarah/Deep-Learning/MS3/preprocessing/MS3_rawData/noFace/animals10_squirrel_1155.jpg,5,6
/home/sarah/Deep-Learning/MS3/preprocessing/MS3_rawData/noFace/animals10_chicken_1406.jpg,1,4
/home/sarah/Deep-Learning/MS3/preprocessing/MS3_rawData/UTKFace/1_1_face_2258.jpg,3,4
/home/sarah/Deep-Learning/MS3/preprocessing/MS3_rawData/noFace/animals10_spider_522.jpg,3,2
/home/sarah/Deep-Learning/MS3/preprocessing/MS3_rawData/noFace/natural_images_car_667.jpg,4,5
/home/sarah/Deep-Learning/MS3/preprocessing/MS3_rawData/UTKFace/55_0_face_14764.jpg,3,4
/home/sarah/Deep-Learning/MS3/preprocessing/MS3_rawData/UTKFace/28_0_face_3000.jpg,4,3
/home/sarah/Deep-Learning/MS3/preprocessing/MS3_rawData/noFace/animals10_dog_713.jpg,4,3
/home/sarah/Deep-Learning/MS3/preprocessing/MS3_rawData/UTKFace/26_1_face_20724.jpg,0,2
/home/sarah/Deep-Learning/MS3/preprocessing/MS3_rawData/noFace/animals10_butterfly_342.jpg,3,4
/home/sarah/Deep-Learning/MS3/preprocessing/MS3_rawData/noFace/animals10_spider_1967.jpg,4,5
/home/sarah/Deep-Learning/MS3/preprocessing/MS3_rawData/noFace/animals10_sheep_1407.jpg,4,5
/home/sarah/Deep-Learning/MS3/preprocessing/MS3_rawData/UTKFace/45_0_face_544.jpg,4,5
/home/sarah/Deep-Learning/MS3/preprocessing/MS3_rawData/UTKFace/9_1_face_21482.jpg,3,4
/home/sarah/Deep-Learning/MS3/preprocessing/MS3_rawData/UTKFace/63_0_face_9256.jpg,4,3
/home/sarah/Deep-Learning/MS3/preprocessing/MS3_rawData/UTKFace/49_0_face_2998.jpg,3,4
/home/sarah/Deep-Learning/MS3/preprocessing/MS3_rawData/UTKFace/80_1_face_3462.jpg,3,4
/home/sarah/Deep-Learning/MS3/preprocessing/MS3_rawData/UTKFace/33_1_face_9331.jpg,4,5
/home/sarah/Deep-Learning/MS3/preprocessing/MS3_rawData/UTKFace/65_0_face_2417.jpg,5,6
/home/sarah/Deep-Learning/MS3/preprocessing/MS3_rawData/noFace/animals10_dog_4682.jpg,4,5
/home/sarah/Deep-Learning/MS3/preprocessing/MS3_rawData/UTKFace/52_1_face_9049.jpg,4,3
/home/sarah/Deep-Learning/MS3/preprocessing/MS3_rawData/noFace/animals10_squirrel_846.jpg,4,5
/home/sarah/Deep-Learning/MS3/preprocessing/MS3_rawData/UTKFace/26_0_face_2052.jpg,5,4
/home/sarah/Deep-Learning/MS3/preprocessing/MS3_rawData/noFace/animals10_squirrel_1124.jpg,4,5
/home/sarah/Deep-Learning/MS3/preprocessing/MS3_rawData/UTKFace/29_1_face_15406.jpg,3,4
/home/sarah/Deep-Learning/MS3/preprocessing/MS3_rawData/noFace/animals10_dog_3895.jpg,4,3
/home/sarah/Deep-Learning/MS3/preprocessing/MS3_rawData/noFace/animals10_butterfly_2073.jpg,4,3
/home/sarah/Deep-Learning/MS3/preprocessing/MS3_rawData/UTKFace/50_0_face_21880.jpg,4,3
/home/sarah/Deep-Learning/MS3/preprocessing/MS3_rawData/UTKFace/32_0_face_25.jpg,4,3
/home/sarah/Deep-Learning/MS3/preprocessing/MS3_rawData/UTKFace/25_1_face_22123.jpg,3,2
/home/sarah/Deep-Learning/MS3/preprocessing/MS3_rawData/noFace/natural_images_flower_656.jpg,4,3
/home/sarah/Deep-Learning/MS3/preprocessing/MS3_rawData/noFace/landscape_485.jpg,5,6
/home/sarah/Deep-Learning/MS3/preprocessing/MS3_rawData/UTKFace/21_1_face_22894.jpg,1,0
/home/sarah/Deep-Learning/MS3/preprocessing/MS3_rawData/UTKFace/32_0_face_1857.jpg,4,5
/home/sarah/Deep-Learning/MS3/preprocessing/MS3_rawData/UTKFace/89_1_face_1944.jpg,3,4
/home/sarah/Deep-Learning/MS3/preprocessing/MS3_rawData/UTKFace/35_0_face_17823.jpg,3,4
/home/sarah/Deep-Learning/MS3/preprocessing/MS3_rawData/UTKFace/40_0_face_14259.jpg,5,6
/home/sarah/Deep-Learning/MS3/preprocessing/MS3_rawData/UTKFace/26_1_face_17078.jpg,5,6
/home/sarah/Deep-Learning/MS3/preprocessing/MS3_rawData/UTKFace/28_1_face_5096.jpg,5,6
/home/sarah/Deep-Learning/MS3/preprocessing/MS3_rawData/UTKFace/31_0_face_20243.jpg,4,3
/home/sarah/Deep-Learning/MS3/preprocessing/MS3_rawData/UTKFace/80_0_face_6932.jpg,4,5
/home/sarah/Deep-Learning/MS3/preprocessing/MS3_rawData/noFace/animals10_spider_306.jpg,5,4
/home/sarah/Deep-Learning/MS3/preprocessing/MS3_rawData/UTKFace/31_1_face_21416.jpg,3,4
/home/sarah/Deep-Learning/MS3/preprocessing/MS3_rawData/UTKFace/1_0_face_5430.jpg,5,4
/home/sarah/Deep-Learning/MS3/preprocessing/MS3_rawData/UTKFace/63_1_face_7911.jpg,3,4
/home/sarah/Deep-Learning/MS3/preprocessing/MS3_rawData/UTKFace/22_0_face_7296.jpg,1,0
/home/sarah/Deep-Learning/MS3/preprocessing/MS3_rawData/noFace/animals10_cow_907.jpg,1,0
/home/sarah/Deep-Learning/MS3/preprocessing/MS3_rawData/UTKFace/65_1_face_5046.jpg,5,4
/home/sarah/Deep-Learning/MS3/preprocessing/MS3_rawData/UTKFace/34_0_face_5080.jpg,4,3
/home/sarah/Deep-Learning/MS3/preprocessing/MS3_rawData/UTKFace/46_1_face_6635.jpg,4,2
/home/sarah/Deep-Learning/MS3/preprocessing/MS3_rawData/noFace/animals10_horse_1283.jpg,4,3
/home/sarah/Deep-Learning/MS3/preprocessing/MS3_rawData/UTKFace/78_0_face_7796.jpg,5,6
/home/sarah/Deep-Learning/MS3/preprocessing/MS3_rawData/UTKFace/25_0_face_18270.jpg,1,2
/home/sarah/Deep-Learning/MS3/preprocessing/MS3_rawData/UTKFace/1_0_face_8065.jpg,6,5
/home/sarah/Deep-Learning/MS3/preprocessing/MS3_rawData/UTKFace/39_1_face_23376.jpg,2,1
/home/sarah/Deep-Learning/MS3/preprocessing/MS3_rawData/noFace/animals10_cat_803.jpg,4,2
/home/sarah/Deep-Learning/MS3/preprocessing/MS3_rawData/UTKFace/5_1_face_7487.jpg,0,1
/home/sarah/Deep-Learning/MS3/preprocessing/MS3_rawData/UTKFace/14_1_face_8061.jpg,4,5
/home/sarah/Deep-Learning/MS3/preprocessing/MS3_rawData/UTKFace/36_1_face_3663.jpg,5,4
/home/sarah/Deep-Learning/MS3/preprocessing/MS3_rawData/UTKFace/54_0_face_20431.jpg,5,6
/home/sarah/Deep-Learning/MS3/preprocessing/MS3_rawData/UTKFace/29_0_face_12517.jpg,4,3
/home/sarah/Deep-Learning/MS3/preprocessing/MS3_rawData/UTKFace/79_0_face_15391.jpg,4,3
/home/sarah/Deep-Learning/MS3/preprocessing/MS3_rawData/UTKFace/26_0_face_21976.jpg,3,4
/home/sarah/Deep-Learning/MS3/preprocessing/MS3_rawData/UTKFace/22_1_face_11319.jpg,1,3
/home/sarah/Deep-Learning/MS3/preprocessing/MS3_rawData/UTKFace/35_0_face_18313.jpg,3,4
/home/sarah/Deep-Learning/MS3/preprocessing/MS3_rawData/UTKFace/33_1_face_18207.jpg,4,3
/home/sarah/Deep-Learning/MS3/preprocessing/MS3_rawData/UTKFace/46_1_face_13899.jpg,4,2
/home/sarah/Deep-Learning/MS3/preprocessing/MS3_rawData/UTKFace/58_0_face_16561.jpg,4,5
/home/sarah/Deep-Learning/MS3/preprocessing/MS3_rawData/UTKFace/27_0_face_15030.jpg,4,5
/home/sarah/Deep-Learning/MS3/preprocessing/MS3_rawData/noFace/animals10_dog_2788.jpg,4,3
/home/sarah/Deep-Learning/MS3/preprocessing/MS3_rawData/noFace/animals10_dog_4336.jpg,5,4
/home/sarah/Deep-Learning/MS3/preprocessing/MS3_rawData/UTKFace/58_0_face_995.jpg,4,5
/home/sarah/Deep-Learning/MS3/preprocessing/MS3_rawData/UTKFace/45_0_face_17886.jpg,4,5
/home/sarah/Deep-Learning/MS3/preprocessing/MS3_rawData/UTKFace/37_0_face_22590.jpg,4,2
/home/sarah/Deep-Learning/MS3/preprocessing/MS3_rawData/UTKFace/35_0_face_7086.jpg,2,1
/home/sarah/Deep-Learning/MS3/preprocessing/MS3_rawData/UTKFace/26_0_face_4964.jpg,4,3
/home/sarah/Deep-Learning/MS3/preprocessing/MS3_rawData/UTKFace/49_0_face_23295.jpg,2,4
/home/sarah/Deep-Learning/MS3/preprocessing/MS3_rawData/noFace/natural_images_car_718.jpg,4,3
/home/sarah/Deep-Learning/MS3/preprocessing/MS3_rawData/UTKFace/24_1_face_9160.jpg,3,4
/home/sarah/Deep-Learning/MS3/preprocessing/MS3_rawData/UTKFace/62_1_face_2481.jpg,1,2
/home/sarah/Deep-Learning/MS3/preprocessing/MS3_rawData/UTKFace/32_1_face_10698.jpg,4,6
/home/sarah/Deep-Learning/MS3/preprocessing/MS3_rawData/noFace/landscape_4108.jpg,4,5
/home/sarah/Deep-Learning/MS3/preprocessing/MS3_rawData/UTKFace/25_1_face_438.jpg,4,5
/home/sarah/Deep-Learning/MS3/preprocessing/MS3_rawData/UTKFace/45_1_face_19696.jpg,2,3
/home/sarah/Deep-Learning/MS3/preprocessing/MS3_rawData/UTKFace/48_1_face_10473.jpg,4,2
/home/sarah/Deep-Learning/MS3/preprocessing/MS3_rawData/UTKFace/35_1_face_15335.jpg,5,6
/home/sarah/Deep-Learning/MS3/preprocessing/MS3_rawData/noFace/animals10_sheep_1070.jpg,3,2
/home/sarah/Deep-Learning/MS3/preprocessing/MS3_rawData/UTKFace/50_0_face_1750.jpg,4,3
/home/sarah/Deep-Learning/MS3/preprocessing/MS3_rawData/UTKFace/27_1_face_4275.jpg,3,4
/home/sarah/Deep-Learning/MS3/preprocessing/MS3_rawData/UTKFace/28_1_face_18060.jpg,4,5
/home/sarah/Deep-Learning/MS3/preprocessing/MS3_rawData/UTKFace/21_0_face_16236.jpg,4,3
/home/sarah/Deep-Learning/MS3/preprocessing/MS3_rawData/UTKFace/1_0_face_17855.jpg,4,3
/home/sarah/Deep-Learning/MS3/preprocessing/MS3_rawData/UTKFace/45_0_face_4560.jpg,1,0
/home/sarah/Deep-Learning/MS3/preprocessing/MS3_rawData/noFace/natural_images_dog_508.jpg,3,4
/home/sarah/Deep-Learning/MS3/preprocessing/MS3_rawData/noFace/animals10_elephant_884.jpg,4,3
/home/sarah/Deep-Learning/MS3/preprocessing/MS3_rawData/UTKFace/37_1_face_7430.jpg,4,3
/home/sarah/Deep-Learning/MS3/preprocessing/MS3_rawData/noFace/animals10_dog_305.jpg,4,1
/home/sarah/Deep-Learning/MS3/preprocessing/MS3_rawData/UTKFace/38_0_face_2835.jpg,5,4
/home/sarah/Deep-Learning/MS3/preprocessing/MS3_rawData/UTKFace/28_0_face_8584.jpg,1,2
/home/sarah/Deep-Learning/MS3/preprocessing/MS3_rawData/UTKFace/72_1_face_9928.jpg,4,5
/home/sarah/Deep-Learning/MS3/preprocessing/MS3_rawData/noFace/landscape_3815.jpg,3,4
/home/sarah/Deep-Learning/MS3/preprocessing/MS3_rawData/UTKFace/30_1_face_9542.jpg,4,2
/home/sarah/Deep-Learning/MS3/preprocessing/MS3_rawData/UTKFace/73_0_face_22426.jpg,4,5
/home/sarah/Deep-Learning/MS3/preprocessing/MS3_rawData/noFace/animals10_cow_1101.jpg,2,1
/home/sarah/Deep-Learning/MS3/preprocessing/MS3_rawData/UTKFace/23_1_face_21764.jpg,3,4
/home/sarah/Deep-Learning/MS3/preprocessing/MS3_rawData/UTKFace/39_0_face_21802.jpg,1,3
/home/sarah/Deep-Learning/MS3/preprocessing/MS3_rawData/noFace/natural_images_fruit_537.jpg,3,4
/home/sarah/Deep-Learning/MS3/preprocessing/MS3_rawData/noFace/animals10_cow_916.jpg,2,3
/home/sarah/Deep-Learning/MS3/preprocessing/MS3_rawData/UTKFace/42_1_face_21253.jpg,4,3
/home/sarah/Deep-Learning/MS3/preprocessing/MS3_rawData/UTKFace/75_1_face_19888.jpg,3,4
/home/sarah/Deep-Learning/MS3/preprocessing/MS3_rawData/noFace/animals10_dog_3551.jpg,4,3
/home/sarah/Deep-Learning/MS3/preprocessing/MS3_rawData/noFace/animals10_spider_2345.jpg,4,3
/home/sarah/Deep-Learning/MS3/preprocessing/MS3_rawData/UTKFace/45_0_face_12177.jpg,4,3
/home/sarah/Deep-Learning/MS3/preprocessing/MS3_rawData/noFace/animals10_cat_149.jpg,5,1
/home/sarah/Deep-Learning/MS3/preprocessing/MS3_rawData/UTKFace/26_1_face_15593.jpg,3,4
/home/sarah/Deep-Learning/MS3/preprocessing/MS3_rawData/UTKFace/35_1_face_3332.jpg,3,4
/home/sarah/Deep-Learning/MS3/preprocessing/MS3_rawData/noFace/animals10_horse_4.jpg,3,4
/home/sarah/Deep-Learning/MS3/preprocessing/MS3_rawData/UTKFace/39_1_face_9405.jpg,5,6
/home/sarah/Deep-Learning/MS3/preprocessing/MS3_rawData/UTKFace/8_1_face_392.jpg,3,4
/home/sarah/Deep-Learning/MS3/preprocessing/MS3_rawData/UTKFace/1_0_face_14096.jpg,3,4
/home/sarah/Deep-Learning/MS3/preprocessing/MS3_rawData/UTKFace/26_0_face_2472.jpg,3,2
/home/sarah/Deep-Learning/MS3/preprocessing/MS3_rawData/noFace/animals10_dog_789.jpg,4,3
/home/sarah/Deep-Learning/MS3/preprocessing/MS3_rawData/noFace/natural_images_fruit_695.jpg,4,3
/home/sarah/Deep-Learning/MS3/preprocessing/MS3_rawData/UTKFace/53_0_face_196.jpg,4,3
/home/sarah/Deep-Learning/MS3/preprocessing/MS3_rawData/UTKFace/24_1_face_6513.jpg,4,3
/home/sarah/Deep-Learning/MS3/preprocessing/MS3_rawData/UTKFace/28_1_face_19200.jpg,4,5
/home/sarah/Deep-Learning/MS3/preprocessing/MS3_rawData/noFace/landscape_3028.jpg,4,5
/home/sarah/Deep-Learning/MS3/preprocessing/MS3_rawData/noFace/animals10_cat_247.jpg,4,3
/home/sarah/Deep-Learning/MS3/preprocessing/MS3_rawData/noFace/animals10_horse_2321.jpg,3,2
/home/sarah/Deep-Learning/MS3/preprocessing/MS3_rawData/noFace/animals10_chicken_321.jpg,5,6
/home/sarah/Deep-Learning/MS3/preprocessing/MS3_rawData/UTKFace/12_1_face_1779.jpg,4,5
/home/sarah/Deep-Learning/MS3/preprocessing/MS3_rawData/noFace/animals10_butterfly_1541.jpg,5,3
/home/sarah/Deep-Learning/MS3/preprocessing/MS3_rawData/UTKFace/26_0_face_3484.jpg,5,6
/home/sarah/Deep-Learning/MS3/preprocessing/MS3_rawData/noFace/animals10_horse_192.jpg,4,5
/home/sarah/Deep-Learning/MS3/preprocessing/MS3_rawData/UTKFace/56_0_face_15098.jpg,5,6
/home/sarah/Deep-Learning/MS3/preprocessing/MS3_rawData/UTKFace/1_0_face_17011.jpg,3,4
/home/sarah/Deep-Learning/MS3/preprocessing/MS3_rawData/UTKFace/42_1_face_10697.jpg,5,4
/home/sarah/Deep-Learning/MS3/preprocessing/MS3_rawData/UTKFace/92_1_face_3756.jpg,6,5
/home/sarah/Deep-Learning/MS3/preprocessing/MS3_rawData/UTKFace/45_1_face_10249.jpg,5,3
/home/sarah/Deep-Learning/MS3/preprocessing/MS3_rawData/noFace/animals10_dog_2077.jpg,3,4
/home/sarah/Deep-Learning/MS3/preprocessing/MS3_rawData/UTKFace/24_1_face_14927.jpg,4,3
/home/sarah/Deep-Learning/MS3/preprocessing/MS3_rawData/UTKFace/28_0_face_10347.jpg,1,0
/home/sarah/Deep-Learning/MS3/preprocessing/MS3_rawData/noFace/animals10_dog_16.jpg,5,6
/home/sarah/Deep-Learning/MS3/preprocessing/MS3_rawData/UTKFace/24_1_face_20524.jpg,0,1
/home/sarah/Deep-Learning/MS3/preprocessing/MS3_rawData/noFace/landscape_271.jpg,3,2
/home/sarah/Deep-Learning/MS3/preprocessing/MS3_rawData/UTKFace/26_1_face_19419.jpg,3,2
/home/sarah/Deep-Learning/MS3/preprocessing/MS3_rawData/UTKFace/52_0_face_18955.jpg,4,3
/home/sarah/Deep-Learning/MS3/preprocessing/MS3_rawData/noFace/animals10_sheep_745.jpg,4,3
/home/sarah/Deep-Learning/MS3/preprocessing/MS3_rawData/noFace/animals10_spider_889.jpg,3,4
/home/sarah/Deep-Learning/MS3/preprocessing/MS3_rawData/UTKFace/19_1_face_5992.jpg,0,1
/home/sarah/Deep-Learning/MS3/preprocessing/MS3_rawData/UTKFace/50_0_face_20926.jpg,4,3
/home/sarah/Deep-Learning/MS3/preprocessing/MS3_rawData/UTKFace/26_1_face_10748.jpg,4,3
/home/sarah/Deep-Learning/MS3/preprocessing/MS3_rawData/UTKFace/63_1_face_13441.jpg,4,3
/home/sarah/Deep-Learning/MS3/preprocessing/MS3_rawData/noFace/animals10_dog_1531.jpg,0,2
/home/sarah/Deep-Learning/MS3/preprocessing/MS3_rawData/noFace/natural_images_dog_353.jpg,4,5
/home/sarah/Deep-Learning/MS3/preprocessing/MS3_rawData/UTKFace/51_1_face_8675.jpg,3,4
/home/sarah/Deep-Learning/MS3/preprocessing/MS3_rawData/UTKFace/32_0_face_12477.jpg,4,3
/home/sarah/Deep-Learning/MS3/preprocessing/MS3_rawData/UTKFace/67_0_face_10842.jpg,6,5
/home/sarah/Deep-Learning/MS3/preprocessing/MS3_rawData/UTKFace/50_1_face_428.jpg,5,4
/home/sarah/Deep-Learning/MS3/preprocessing/MS3_rawData/noFace/monkey_n0_89.jpg,3,2
/home/sarah/Deep-Learning/MS3/preprocessing/MS3_rawData/noFace/animals10_butterfly_695.jpg,3,2
/home/sarah/Deep-Learning/MS3/preprocessing/MS3_rawData/noFace/animals10_chicken_1707.jpg,3,2
/home/sarah/Deep-Learning/MS3/preprocessing/MS3_rawData/UTKFace/73_0_face_17563.jpg,3,4
/home/sarah/Deep-Learning/MS3/preprocessing/MS3_rawData/UTKFace/30_1_face_10394.jpg,5,4
/home/sarah/Deep-Learning/MS3/preprocessing/MS3_rawData/noFace/animals10_cow_1023.jpg,4,2
/home/sarah/Deep-Learning/MS3/preprocessing/MS3_rawData/noFace/animals10_chicken_1078.jpg,4,3
/home/sarah/Deep-Learning/MS3/preprocessing/MS3_rawData/noFace/animals10_squirrel_1492.jpg,3,4
/home/sarah/Deep-Learning/MS3/preprocessing/MS3_rawData/noFace/animals10_chicken_800.jpg,4,5
/home/sarah/Deep-Learning/MS3/preprocessing/MS3_rawData/UTKFace/73_1_face_15420.jpg,3,6
/home/sarah/Deep-Learning/MS3/preprocessing/MS3_rawData/UTKFace/32_0_face_21619.jpg,3,4
/home/sarah/Deep-Learning/MS3/preprocessing/MS3_rawData/UTKFace/28_1_face_11620.jpg,4,5
/home/sarah/Deep-Learning/MS3/preprocessing/MS3_rawData/noFace/animals10_spider_190.jpg,4,3
/home/sarah/Deep-Learning/MS3/preprocessing/MS3_rawData/noFace/animals10_chicken_2546.jpg,4,3
/home/sarah/Deep-Learning/MS3/preprocessing/MS3_rawData/noFace/animals10_dog_2817.jpg,5,4
/home/sarah/Deep-Learning/MS3/preprocessing/MS3_rawData/noFace/monkey_n5_82.jpg,3,4
/home/sarah/Deep-Learning/MS3/preprocessing/MS3_rawData/UTKFace/21_1_face_22296.jpg,0,1
/home/sarah/Deep-Learning/MS3/preprocessing/MS3_rawData/UTKFace/30_0_face_12001.jpg,4,2
/home/sarah/Deep-Learning/MS3/preprocessing/MS3_rawData/UTKFace/32_0_face_20443.jpg,1,2
/home/sarah/Deep-Learning/MS3/preprocessing/MS3_rawData/UTKFace/40_0_face_3896.jpg,3,4
/home/sarah/Deep-Learning/MS3/preprocessing/MS3_rawData/noFace/landscape_2775.jpg,5,6
/home/sarah/Deep-Learning/MS3/preprocessing/MS3_rawData/UTKFace/39_0_face_13941.jpg,4,5
/home/sarah/Deep-Learning/MS3/preprocessing/MS3_rawData/UTKFace/23_1_face_828.jpg,5,6
/home/sarah/Deep-Learning/MS3/preprocessing/MS3_rawData/UTKFace/2_0_face_21514.jpg,4,5
/home/sarah/Deep-Learning/MS3/preprocessing/MS3_rawData/UTKFace/13_0_face_1293.jpg,3,4
/home/sarah/Deep-Learning/MS3/preprocessing/MS3_rawData/noFace/monkey_n0_20.jpg,3,2
/home/sarah/Deep-Learning/MS3/preprocessing/MS3_rawData/UTKFace/35_0_face_10641.jpg,4,3
/home/sarah/Deep-Learning/MS3/preprocessing/MS3_rawData/noFace/landscape_277.jpg,4,5
/home/sarah/Deep-Learning/MS3/preprocessing/MS3_rawData/UTKFace/43_0_face_11611.jpg,5,6
/home/sarah/Deep-Learning/MS3/preprocessing/MS3_rawData/UTKFace/15_0_face_13044.jpg,3,4
/home/sarah/Deep-Learning/MS3/preprocessing/MS3_rawData/noFace/animals10_horse_1743.jpg,4,5
/home/sarah/Deep-Learning/MS3/preprocessing/MS3_rawData/UTKFace/35_0_face_5425.jpg,1,2
/home/sarah/Deep-Learning/MS3/preprocessing/MS3_rawData/UTKFace/26_1_face_6128.jpg,3,4
/home/sarah/Deep-Learning/MS3/preprocessing/MS3_rawData/UTKFace/35_0_face_9246.jpg,4,5
/home/sarah/Deep-Learning/MS3/preprocessing/MS3_rawData/UTKFace/5_0_face_10814.jpg,3,4
/home/sarah/Deep-Learning/MS3/preprocessing/MS3_rawData/noFace/natural_images_motorbike_502.jpg,3,4
/home/sarah/Deep-Learning/MS3/preprocessing/MS3_rawData/noFace/natural_images_car_898.jpg,6,5
/home/sarah/Deep-Learning/MS3/preprocessing/MS3_rawData/noFace/animals10_chicken_1647.jpg,6,5
/home/sarah/Deep-Learning/MS3/preprocessing/MS3_rawData/UTKFace/30_0_face_11293.jpg,3,2
/home/sarah/Deep-Learning/MS3/preprocessing/MS3_rawData/UTKFace/27_0_face_5304.jpg,5,4
/home/sarah/Deep-Learning/MS3/preprocessing/MS3_rawData/noFace/animals10_sheep_293.jpg,1,2
/home/sarah/Deep-Learning/MS3/preprocessing/MS3_rawData/UTKFace/28_1_face_17103.jpg,5,4
/home/sarah/Deep-Learning/MS3/preprocessing/MS3_rawData/UTKFace/27_0_face_17659.jpg,6,5
/home/sarah/Deep-Learning/MS3/preprocessing/MS3_rawData/noFace/animals10_elephant_625.jpg,4,3
/home/sarah/Deep-Learning/MS3/preprocessing/MS3_rawData/UTKFace/15_1_face_22770.jpg,3,2
/home/sarah/Deep-Learning/MS3/preprocessing/MS3_rawData/UTKFace/24_0_face_6320.jpg,3,4
/home/sarah/Deep-Learning/MS3/preprocessing/MS3_rawData/noFace/animals10_cow_1029.jpg,3,4
/home/sarah/Deep-Learning/MS3/preprocessing/MS3_rawData/UTKFace/26_1_face_7985.jpg,3,1
/home/sarah/Deep-Learning/MS3/preprocessing/MS3_rawData/UTKFace/27_1_face_1182.jpg,5,6
/home/sarah/Deep-Learning/MS3/preprocessing/MS3_rawData/UTKFace/32_0_face_11514.jpg,3,4
/home/sarah/Deep-Learning/MS3/preprocessing/MS3_rawData/noFace/animals10_cat_16.jpg,5,6
/home/sarah/Deep-Learning/MS3/preprocessing/MS3_rawData/noFace/natural_images_flower_25.jpg,4,3
/home/sarah/Deep-Learning/MS3/preprocessing/MS3_rawData/UTKFace/36_0_face_10509.jpg,4,5
/home/sarah/Deep-Learning/MS3/preprocessing/MS3_rawData/noFace/animals10_chicken_2149.jpg,4,3
/home/sarah/Deep-Learning/MS3/preprocessing/MS3_rawData/noFace/landscape_3292.jpg,3,4
/home/sarah/Deep-Learning/MS3/preprocessing/MS3_rawData/UTKFace/5_1_face_6793.jpg,3,4
/home/sarah/Deep-Learning/MS3/preprocessing/MS3_rawData/UTKFace/12_1_face_3045.jpg,4,5
/home/sarah/Deep-Learning/MS3/preprocessing/MS3_rawData/noFace/animals10_horse_635.jpg,3,2
/home/sarah/Deep-Learning/MS3/preprocessing/MS3_rawData/UTKFace/26_0_face_2402.jpg,4,5
/home/sarah/Deep-Learning/MS3/preprocessing/MS3_rawData/noFace/animals10_cow_775.jpg,3,2
/home/sarah/Deep-Learning/MS3/preprocessing/MS3_rawData/noFace/animals10_elephant_889.jpg,3,2
/home/sarah/Deep-Learning/MS3/preprocessing/MS3_rawData/noFace/monkey_n7_73.jpg,4,5
/home/sarah/Deep-Learning/MS3/preprocessing/MS3_rawData/UTKFace/54_0_face_8527.jpg,5,4
/home/sarah/Deep-Learning/MS3/preprocessing/MS3_rawData/UTKFace/3_0_face_9347.jpg,3,4
/home/sarah/Deep-Learning/MS3/preprocessing/MS3_rawData/noFace/natural_images_airplane_623.jpg,4,5
/home/sarah/Deep-Learning/MS3/preprocessing/MS3_rawData/UTKFace/54_1_face_18484.jpg,1,2
/home/sarah/Deep-Learning/MS3/preprocessing/MS3_rawData/UTKFace/28_0_face_23394.jpg,3,4
/home/sarah/Deep-Learning/MS3/preprocessing/MS3_rawData/noFace/animals10_horse_2121.jpg,3,4
/home/sarah/Deep-Learning/MS3/preprocessing/MS3_rawData/UTKFace/46_0_face_8691.jpg,1,3
/home/sarah/Deep-Learning/MS3/preprocessing/MS3_rawData/noFace/animals10_chicken_1376.jpg,4,3
/home/sarah/Deep-Learning/MS3/preprocessing/MS3_rawData/UTKFace/24_0_face_5377.jpg,5,4
/home/sarah/Deep-Learning/MS3/preprocessing/MS3_rawData/UTKFace/38_0_face_823.jpg,3,2
/home/sarah/Deep-Learning/MS3/preprocessing/MS3_rawData/UTKFace/53_1_face_13980.jpg,3,4
/home/sarah/Deep-Learning/MS3/preprocessing/MS3_rawData/noFace/natural_images_fruit_814.jpg,5,6
/home/sarah/Deep-Learning/MS3/preprocessing/MS3_rawData/noFace/animals10_sheep_885.jpg,5,4
/home/sarah/Deep-Learning/MS3/preprocessing/MS3_rawData/noFace/natural_images_car_238.jpg,4,3
/home/sarah/Deep-Learning/MS3/preprocessing/MS3_rawData/noFace/natural_images_motorbike_218.jpg,3,5
/home/sarah/Deep-Learning/MS3/preprocessing/MS3_rawData/UTKFace/65_0_face_21847.jpg,1,2
/home/sarah/Deep-Learning/MS3/preprocessing/MS3_rawData/UTKFace/16_1_face_5317.jpg,4,3
/home/sarah/Deep-Learning/MS3/preprocessing/MS3_rawData/UTKFace/27_1_face_21489.jpg,3,4
/home/sarah/Deep-Learning/MS3/preprocessing/MS3_rawData/noFace/animals10_horse_284.jpg,3,4
/home/sarah/Deep-Learning/MS3/preprocessing/MS3_rawData/UTKFace/29_1_face_9394.jpg,6,5
/home/sarah/Deep-Learning/MS3/preprocessing/MS3_rawData/UTKFace/4_0_face_22278.jpg,3,2
/home/sarah/Deep-Learning/MS3/preprocessing/MS3_rawData/UTKFace/26_1_face_7665.jpg,4,3
/home/sarah/Deep-Learning/MS3/preprocessing/MS3_rawData/noFace/animals10_horse_454.jpg,4,2
/home/sarah/Deep-Learning/MS3/preprocessing/MS3_rawData/noFace/animals10_chicken_2466.jpg,5,6
/home/sarah/Deep-Learning/MS3/preprocessing/MS3_rawData/UTKFace/32_0_face_23109.jpg,4,2
/home/sarah/Deep-Learning/MS3/preprocessing/MS3_rawData/UTKFace/68_1_face_21317.jpg,4,3
/home/sarah/Deep-Learning/MS3/preprocessing/MS3_rawData/noFace/animals10_chicken_202.jpg,5,4
/home/sarah/Deep-Learning/MS3/preprocessing/MS3_rawData/noFace/natural_images_dog_683.jpg,3,5
/home/sarah/Deep-Learning/MS3/preprocessing/MS3_rawData/UTKFace/29_1_face_16447.jpg,4,5
/home/sarah/Deep-Learning/MS3/preprocessing/MS3_rawData/UTKFace/60_0_face_15696.jpg,4,3
/home/sarah/Deep-Learning/MS3/preprocessing/MS3_rawData/UTKFace/2_0_face_4775.jpg,5,4
/home/sarah/Deep-Learning/MS3/preprocessing/MS3_rawData/UTKFace/32_1_face_9454.jpg,5,4
/home/sarah/Deep-Learning/MS3/preprocessing/MS3_rawData/UTKFace/8_1_face_23478.jpg,3,4
/home/sarah/Deep-Learning/MS3/preprocessing/MS3_rawData/UTKFace/34_0_face_9105.jpg,5,4
/home/sarah/Deep-Learning/MS3/preprocessing/MS3_rawData/UTKFace/32_1_face_8204.jpg,4,3
/home/sarah/Deep-Learning/MS3/preprocessing/MS3_rawData/noFace/animals10_spider_661.jpg,5,6
/home/sarah/Deep-Learning/MS3/preprocessing/MS3_rawData/UTKFace/24_1_face_17059.jpg,3,4
/home/sarah/Deep-Learning/MS3/preprocessing/MS3_rawData/noFace/landscape_2665.jpg,4,3
/home/sarah/Deep-Learning/MS3/preprocessing/MS3_rawData/noFace/animals10_butterfly_30.jpg,4,3
/home/sarah/Deep-Learning/MS3/preprocessing/MS3_rawData/UTKFace/28_1_face_1453.jpg,3,4
/home/sarah/Deep-Learning/MS3/preprocessing/MS3_rawData/UTKFace/4_0_face_9940.jpg,5,4
/home/sarah/Deep-Learning/MS3/preprocessing/MS3_rawData/UTKFace/41_1_face_14195.jpg,4,5
/home/sarah/Deep-Learning/MS3/preprocessing/MS3_rawData/noFace/animals10_cow_910.jpg,4,5
/home/sarah/Deep-Learning/MS3/preprocessing/MS3_rawData/UTKFace/26_0_face_20054.jpg,4,3
/home/sarah/Deep-Learning/MS3/preprocessing/MS3_rawData/UTKFace/1_0_face_3414.jpg,0,1
/home/sarah/Deep-Learning/MS3/preprocessing/MS3_rawData/noFace/animals10_spider_339.jpg,3,4
/home/sarah/Deep-Learning/MS3/preprocessing/MS3_rawData/noFace/animals10_horse_964.jpg,4,5
/home/sarah/Deep-Learning/MS3/preprocessing/MS3_rawData/UTKFace/2_0_face_13835.jpg,4,3
/home/sarah/Deep-Learning/MS3/preprocessing/MS3_rawData/UTKFace/19_1_face_17766.jpg,4,2
/home/sarah/Deep-Learning/MS3/preprocessing/MS3_rawData/UTKFace/2_1_face_22320.jpg,3,4
/home/sarah/Deep-Learning/MS3/preprocessing/MS3_rawData/noFace/animals10_butterfly_567.jpg,3,1
/home/sarah/Deep-Learning/MS3/preprocessing/MS3_rawData/UTKFace/26_1_face_5537.jpg,1,2
/home/sarah/Deep-Learning/MS3/preprocessing/MS3_rawData/UTKFace/13_0_face_892.jpg,3,4
/home/sarah/Deep-Learning/MS3/preprocessing/MS3_rawData/noFace/natural_images_flower_523.jpg,3,4
/home/sarah/Deep-Learning/MS3/preprocessing/MS3_rawData/UTKFace/22_0_face_12556.jpg,3,2
/home/sarah/Deep-Learning/MS3/preprocessing/MS3_rawData/noFace/animals10_elephant_1149.jpg,4,5
/home/sarah/Deep-Learning/MS3/preprocessing/MS3_rawData/UTKFace/23_1_face_8628.jpg,5,4
/home/sarah/Deep-Learning/MS3/preprocessing/MS3_rawData/UTKFace/8_1_face_546.jpg,4,5
/home/sarah/Deep-Learning/MS3/preprocessing/MS3_rawData/noFace/animals10_spider_3851.jpg,4,5
/home/sarah/Deep-Learning/MS3/preprocessing/MS3_rawData/UTKFace/45_1_face_6872.jpg,1,2
/home/sarah/Deep-Learning/MS3/preprocessing/MS3_rawData/UTKFace/34_0_face_15061.jpg,3,4
/home/sarah/Deep-Learning/MS3/preprocessing/MS3_rawData/UTKFace/1_0_face_967.jpg,6,5
/home/sarah/Deep-Learning/MS3/preprocessing/MS3_rawData/noFace/animals10_dog_1630.jpg,4,3
/home/sarah/Deep-Learning/MS3/preprocessing/MS3_rawData/UTKFace/27_1_face_9790.jpg,3,4
/home/sarah/Deep-Learning/MS3/preprocessing/MS3_rawData/noFace/animals10_chicken_726.jpg,5,4
/home/sarah/Deep-Learning/MS3/preprocessing/MS3_rawData/UTKFace/43_0_face_2392.jpg,3,4
/home/sarah/Deep-Learning/MS3/preprocessing/MS3_rawData/noFace/animals10_chicken_908.jpg,4,5
/home/sarah/Deep-Learning/MS3/preprocessing/MS3_rawData/noFace/animals10_dog_2969.jpg,4,2
/home/sarah/Deep-Learning/MS3/preprocessing/MS3_rawData/UTKFace/37_0_face_3649.jpg,5,6
/home/sarah/Deep-Learning/MS3/preprocessing/MS3_rawData/UTKFace/25_1_face_20416.jpg,4,5
/home/sarah/Deep-Learning/MS3/preprocessing/MS3_rawData/noFace/animals10_dog_2143.jpg,3,2
/home/sarah/Deep-Learning/MS3/preprocessing/MS3_rawData/noFace/landscape_2650.jpg,1,2
/home/sarah/Deep-Learning/MS3/preprocessing/MS3_rawData/noFace/animals10_dog_1744.jpg,3,4
/home/sarah/Deep-Learning/MS3/preprocessing/MS3_rawData/UTKFace/79_0_face_3025.jpg,4,5
/home/sarah/Deep-Learning/MS3/preprocessing/MS3_rawData/UTKFace/26_0_face_7158.jpg,5,3
/home/sarah/Deep-Learning/MS3/preprocessing/MS3_rawData/UTKFace/42_0_face_6799.jpg,4,3
/home/sarah/Deep-Learning/MS3/preprocessing/MS3_rawData/noFace/natural_images_car_960.jpg,5,4
/home/sarah/Deep-Learning/MS3/preprocessing/MS3_rawData/UTKFace/53_1_face_4316.jpg,4,3
/home/sarah/Deep-Learning/MS3/preprocessing/MS3_rawData/UTKFace/49_0_face_23552.jpg,3,4
/home/sarah/Deep-Learning/MS3/preprocessing/MS3_rawData/UTKFace/25_0_face_5736.jpg,5,4
/home/sarah/Deep-Learning/MS3/preprocessing/MS3_rawData/noFace/animals10_spider_645.jpg,5,4
/home/sarah/Deep-Learning/MS3/preprocessing/MS3_rawData/UTKFace/26_1_face_5535.jpg,4,3
/home/sarah/Deep-Learning/MS3/preprocessing/MS3_rawData/noFace/natural_images_airplane_67.jpg,3,4
/home/sarah/Deep-Learning/MS3/preprocessing/MS3_rawData/UTKFace/23_0_face_17453.jpg,3,4
/home/sarah/Deep-Learning/MS3/preprocessing/MS3_rawData/UTKFace/26_0_face_3323.jpg,6,5
/home/sarah/Deep-Learning/MS3/preprocessing/MS3_rawData/UTKFace/4_1_face_10554.jpg,4,3
/home/sarah/Deep-Learning/MS3/preprocessing/MS3_rawData/noFace/animals10_horse_1953.jpg,5,2
/home/sarah/Deep-Learning/MS3/preprocessing/MS3_rawData/UTKFace/30_1_face_6697.jpg,3,4
/home/sarah/Deep-Learning/MS3/preprocessing/MS3_rawData/UTKFace/75_0_face_5156.jpg,4,3
/home/sarah/Deep-Learning/MS3/preprocessing/MS3_rawData/UTKFace/2_0_face_5802.jpg,4,3
/home/sarah/Deep-Learning/MS3/preprocessing/MS3_rawData/UTKFace/26_1_face_453.jpg,5,4
/home/sarah/Deep-Learning/MS3/preprocessing/MS3_rawData/UTKFace/26_0_face_8728.jpg,3,4
/home/sarah/Deep-Learning/MS3/preprocessing/MS3_rawData/UTKFace/38_1_face_4946.jpg,4,5
/home/sarah/Deep-Learning/MS3/preprocessing/MS3_rawData/noFace/animals10_spider_4519.jpg,3,4
/home/sarah/Deep-Learning/MS3/preprocessing/MS3_rawData/noFace/landscape_319.jpg,4,5
/home/sarah/Deep-Learning/MS3/preprocessing/MS3_rawData/noFace/animals10_dog_1172.jpg,4,3
/home/sarah/Deep-Learning/MS3/preprocessing/MS3_rawData/UTKFace/39_0_face_16280.jpg,4,3
/home/sarah/Deep-Learning/MS3/preprocessing/MS3_rawData/UTKFace/30_1_face_1983.jpg,4,5
/home/sarah/Deep-Learning/MS3/preprocessing/MS3_rawData/noFace/animals10_butterfly_2065.jpg,4,3
/home/sarah/Deep-Learning/MS3/preprocessing/MS3_rawData/UTKFace/62_1_face_4114.jpg,3,4
/home/sarah/Deep-Learning/MS3/preprocessing/MS3_rawData/UTKFace/27_0_face_19582.jpg,4,6
/home/sarah/Deep-Learning/MS3/preprocessing/MS3_rawData/UTKFace/8_1_face_15749.jpg,5,3
/home/sarah/Deep-Learning/MS3/preprocessing/MS3_rawData/UTKFace/48_0_face_12425.jpg,4,3
/home/sarah/Deep-Learning/MS3/preprocessing/MS3_rawData/UTKFace/32_0_face_7775.jpg,5,4
/home/sarah/Deep-Learning/MS3/preprocessing/MS3_rawData/UTKFace/77_1_face_6974.jpg,3,4
/home/sarah/Deep-Learning/MS3/preprocessing/MS3_rawData/UTKFace/35_1_face_5779.jpg,3,4
/home/sarah/Deep-Learning/MS3/preprocessing/MS3_rawData/UTKFace/26_1_face_15700.jpg,5,4
/home/sarah/Deep-Learning/MS3/preprocessing/MS3_rawData/noFace/animals10_dog_3848.jpg,3,4
/home/sarah/Deep-Learning/MS3/preprocessing/MS3_rawData/UTKFace/29_1_face_22782.jpg,0,1
/home/sarah/Deep-Learning/MS3/preprocessing/MS3_rawData/noFace/animals10_dog_4660.jpg,5,4
/home/sarah/Deep-Learning/MS3/preprocessing/MS3_rawData/noFace/animals10_spider_3111.jpg,3,4
/home/sarah/Deep-Learning/MS3/preprocessing/MS3_rawData/UTKFace/28_0_face_16648.jpg,4,5
/home/sarah/Deep-Learning/MS3/preprocessing/MS3_rawData/UTKFace/29_1_face_19720.jpg,5,6
/home/sarah/Deep-Learning/MS3/preprocessing/MS3_rawData/UTKFace/82_0_face_12365.jpg,1,3
/home/sarah/Deep-Learning/MS3/preprocessing/MS3_rawData/UTKFace/26_0_face_20935.jpg,4,5
/home/sarah/Deep-Learning/MS3/preprocessing/MS3_rawData/UTKFace/30_0_face_12348.jpg,4,5
/home/sarah/Deep-Learning/MS3/preprocessing/MS3_rawData/noFace/natural_images_flower_199.jpg,4,3
/home/sarah/Deep-Learning/MS3/preprocessing/MS3_rawData/noFace/animals10_dog_3760.jpg,3,4
/home/sarah/Deep-Learning/MS3/preprocessing/MS3_rawData/noFace/landscape_1262.jpg,6,5
/home/sarah/Deep-Learning/MS3/preprocessing/MS3_rawData/UTKFace/25_0_face_8749.jpg,4,3
/home/sarah/Deep-Learning/MS3/preprocessing/MS3_rawData/UTKFace/16_1_face_21413.jpg,3,4
/home/sarah/Deep-Learning/MS3/preprocessing/MS3_rawData/noFace/animals10_squirrel_374.jpg,3,4
/home/sarah/Deep-Learning/MS3/preprocessing/MS3_rawData/noFace/animals10_spider_2928.jpg,0,1
/home/sarah/Deep-Learning/MS3/preprocessing/MS3_rawData/noFace/animals10_spider_3339.jpg,4,5
/home/sarah/Deep-Learning/MS3/preprocessing/MS3_rawData/UTKFace/52_0_face_13395.jpg,4,5
/home/sarah/Deep-Learning/MS3/preprocessing/MS3_rawData/noFace/animals10_squirrel_115.jpg,0,1
/home/sarah/Deep-Learning/MS3/preprocessing/MS3_rawData/UTKFace/26_1_face_23534.jpg,3,4
/home/sarah/Deep-Learning/MS3/preprocessing/MS3_rawData/UTKFace/34_1_face_17764.jpg,3,5
/home/sarah/Deep-Learning/MS3/preprocessing/MS3_rawData/noFace/animals10_dog_3076.jpg,3,4
/home/sarah/Deep-Learning/MS3/preprocessing/MS3_rawData/noFace/landscape_2969.jpg,4,3
/home/sarah/Deep-Learning/MS3/preprocessing/MS3_rawData/UTKFace/27_0_face_22689.jpg,1,2
/home/sarah/Deep-Learning/MS3/preprocessing/MS3_rawData/UTKFace/60_0_face_19782.jpg,5,4
/home/sarah/Deep-Learning/MS3/preprocessing/MS3_rawData/noFace/animals10_cow_232.jpg,1,2
/home/sarah/Deep-Learning/MS3/preprocessing/MS3_rawData/noFace/animals10_elephant_1233.jpg,1,0
/home/sarah/Deep-Learning/MS3/preprocessing/MS3_rawData/noFace/natural_images_car_285.jpg,5,4
/home/sarah/Deep-Learning/MS3/preprocessing/MS3_rawData/noFace/animals10_spider_1223.jpg,6,5
/home/sarah/Deep-Learning/MS3/preprocessing/MS3_rawData/UTKFace/60_0_face_4357.jpg,3,2
/home/sarah/Deep-Learning/MS3/preprocessing/MS3_rawData/UTKFace/75_0_face_22877.jpg,3,2
/home/sarah/Deep-Learning/MS3/preprocessing/MS3_rawData/UTKFace/43_0_face_4311.jpg,4,3
/home/sarah/Deep-Learning/MS3/preprocessing/MS3_rawData/noFace/monkey_n6_4.jpg,3,4
/home/sarah/Deep-Learning/MS3/preprocessing/MS3_rawData/UTKFace/30_1_face_10512.jpg,6,4
/home/sarah/Deep-Learning/MS3/preprocessing/MS3_rawData/noFace/animals10_chicken_1832.jpg,4,3
/home/sarah/Deep-Learning/MS3/preprocessing/MS3_rawData/UTKFace/67_0_face_4421.jpg,3,4
/home/sarah/Deep-Learning/MS3/preprocessing/MS3_rawData/noFace/animals10_squirrel_1786.jpg,4,3
/home/sarah/Deep-Learning/MS3/preprocessing/MS3_rawData/noFace/animals10_cow_1182.jpg,4,3
/home/sarah/Deep-Learning/MS3/preprocessing/MS3_rawData/noFace/animals10_spider_2752.jpg,5,6
/home/sarah/Deep-Learning/MS3/preprocessing/MS3_rawData/UTKFace/45_1_face_13745.jpg,5,6
/home/sarah/Deep-Learning/MS3/preprocessing/MS3_rawData/UTKFace/55_0_face_19237.jpg,3,4
/home/sarah/Deep-Learning/MS3/preprocessing/MS3_rawData/UTKFace/1_0_face_5374.jpg,2,5
/home/sarah/Deep-Learning/MS3/preprocessing/MS3_rawData/UTKFace/42_0_face_7152.jpg,3,4
/home/sarah/Deep-Learning/MS3/preprocessing/MS3_rawData/UTKFace/39_0_face_938.jpg,5,6
/home/sarah/Deep-Learning/MS3/preprocessing/MS3_rawData/noFace/animals10_elephant_733.jpg,3,4
/home/sarah/Deep-Learning/MS3/preprocessing/MS3_rawData/UTKFace/40_1_face_18400.jpg,3,4
/home/sarah/Deep-Learning/MS3/preprocessing/MS3_rawData/UTKFace/37_0_face_12691.jpg,5,4
/home/sarah/Deep-Learning/MS3/preprocessing/MS3_rawData/UTKFace/63_0_face_19181.jpg,3,2
/home/sarah/Deep-Learning/MS3/preprocessing/MS3_rawData/UTKFace/26_1_face_21049.jpg,0,1
/home/sarah/Deep-Learning/MS3/preprocessing/MS3_rawData/UTKFace/1_0_face_20870.jpg,0,1
/home/sarah/Deep-Learning/MS3/preprocessing/MS3_rawData/noFace/natural_images_car_941.jpg,4,3
/home/sarah/Deep-Learning/MS3/preprocessing/MS3_rawData/UTKFace/41_0_face_5415.jpg,4,3
/home/sarah/Deep-Learning/MS3/preprocessing/MS3_rawData/UTKFace/26_0_face_2488.jpg,4,3
/home/sarah/Deep-Learning/MS3/preprocessing/MS3_rawData/UTKFace/26_1_face_12638.jpg,4,3
/home/sarah/Deep-Learning/MS3/preprocessing/MS3_rawData/noFace/animals10_spider_3371.jpg,4,3
/home/sarah/Deep-Learning/MS3/preprocessing/MS3_rawData/noFace/animals10_butterfly_423.jpg,3,4
/home/sarah/Deep-Learning/MS3/preprocessing/MS3_rawData/noFace/animals10_squirrel_369.jpg,3,2
/home/sarah/Deep-Learning/MS3/preprocessing/MS3_rawData/UTKFace/75_0_face_382.jpg,5,6
/home/sarah/Deep-Learning/MS3/preprocessing/MS3_rawData/noFace/animals10_dog_4830.jpg,4,3
/home/sarah/Deep-Learning/MS3/preprocessing/MS3_rawData/UTKFace/50_1_face_9918.jpg,5,6
/home/sarah/Deep-Learning/MS3/preprocessing/MS3_rawData/UTKFace/7_1_face_22331.jpg,4,2
/home/sarah/Deep-Learning/MS3/preprocessing/MS3_rawData/UTKFace/32_1_face_22922.jpg,5,4
/home/sarah/Deep-Learning/MS3/preprocessing/MS3_rawData/UTKFace/38_1_face_12935.jpg,3,4
/home/sarah/Deep-Learning/MS3/preprocessing/MS3_rawData/UTKFace/18_1_face_15405.jpg,6,5
/home/sarah/Deep-Learning/MS3/preprocessing/MS3_rawData/UTKFace/8_0_face_4993.jpg,4,5
/home/sarah/Deep-Learning/MS3/preprocessing/MS3_rawData/UTKFace/62_0_face_22217.jpg,5,3
/home/sarah/Deep-Learning/MS3/preprocessing/MS3_rawData/UTKFace/15_0_face_22192.jpg,3,4
/home/sarah/Deep-Learning/MS3/preprocessing/MS3_rawData/UTKFace/49_1_face_5701.jpg,5,6
/home/sarah/Deep-Learning/MS3/preprocessing/MS3_rawData/noFace/animals10_spider_918.jpg,3,4
/home/sarah/Deep-Learning/MS3/preprocessing/MS3_rawData/noFace/animals10_dog_4863.jpg,5,4
/home/sarah/Deep-Learning/MS3/preprocessing/MS3_rawData/UTKFace/1_0_face_18318.jpg,4,5
/home/sarah/Deep-Learning/MS3/preprocessing/MS3_rawData/UTKFace/24_1_face_7180.jpg,4,5
/home/sarah/Deep-Learning/MS3/preprocessing/MS3_rawData/UTKFace/75_0_face_6755.jpg,5,4
/home/sarah/Deep-Learning/MS3/preprocessing/MS3_rawData/UTKFace/36_0_face_15400.jpg,3,4
/home/sarah/Deep-Learning/MS3/preprocessing/MS3_rawData/noFace/animals10_cow_1536.jpg,5,4
/home/sarah/Deep-Learning/MS3/preprocessing/MS3_rawData/noFace/natural_images_fruit_363.jpg,4,3
/home/sarah/Deep-Learning/MS3/preprocessing/MS3_rawData/noFace/natural_images_dog_42.jpg,4,5
/home/sarah/Deep-Learning/MS3/preprocessing/MS3_rawData/noFace/natural_images_airplane_44.jpg,4,3
/home/sarah/Deep-Learning/MS3/preprocessing/MS3_rawData/noFace/animals10_spider_1208.jpg,4,3
/home/sarah/Deep-Learning/MS3/preprocessing/MS3_rawData/UTKFace/22_0_face_6394.jpg,4,3
/home/sarah/Deep-Learning/MS3/preprocessing/MS3_rawData/noFace/animals10_spider_2415.jpg,4,3
/home/sarah/Deep-Learning/MS3/preprocessing/MS3_rawData/UTKFace/52_1_face_12610.jpg,4,3
/home/sarah/Deep-Learning/MS3/preprocessing/MS3_rawData/noFace/landscape_1857.jpg,3,4
/home/sarah/Deep-Learning/MS3/preprocessing/MS3_rawData/UTKFace/28_0_face_1305.jpg,4,5
/home/sarah/Deep-Learning/MS3/preprocessing/MS3_rawData/UTKFace/4_0_face_6884.jpg,5,6
/home/sarah/Deep-Learning/MS3/preprocessing/MS3_rawData/noFace/landscape_237.jpg,3,4
/home/sarah/Deep-Learning/MS3/preprocessing/MS3_rawData/UTKFace/29_0_face_21893.jpg,6,4
/home/sarah/Deep-Learning/MS3/preprocessing/MS3_rawData/noFace/landscape_1594.jpg,4,5
/home/sarah/Deep-Learning/MS3/preprocessing/MS3_rawData/UTKFace/11_1_face_9414.jpg,4,5
/home/sarah/Deep-Learning/MS3/preprocessing/MS3_rawData/UTKFace/27_1_face_21073.jpg,5,4
/home/sarah/Deep-Learning/MS3/preprocessing/MS3_rawData/noFace/natural_images_fruit_316.jpg,4,6
/home/sarah/Deep-Learning/MS3/preprocessing/MS3_rawData/UTKFace/22_0_face_4596.jpg,3,2
/home/sarah/Deep-Learning/MS3/preprocessing/MS3_rawData/UTKFace/68_0_face_515.jpg,3,4
/home/sarah/Deep-Learning/MS3/preprocessing/MS3_rawData/UTKFace/1_0_face_8543.jpg,4,5
/home/sarah/Deep-Learning/MS3/preprocessing/MS3_rawData/UTKFace/40_0_face_2614.jpg,3,2
/home/sarah/Deep-Learning/MS3/preprocessing/MS3_rawData/noFace/landscape_2367.jpg,4,3
/home/sarah/Deep-Learning/MS3/preprocessing/MS3_rawData/UTKFace/25_0_face_15573.jpg,3,4
/home/sarah/Deep-Learning/MS3/preprocessing/MS3_rawData/UTKFace/55_1_face_14238.jpg,5,6
/home/sarah/Deep-Learning/MS3/preprocessing/MS3_rawData/UTKFace/38_0_face_765.jpg,4,3
/home/sarah/Deep-Learning/MS3/preprocessing/MS3_rawData/UTKFace/3_1_face_14934.jpg,3,4
/home/sarah/Deep-Learning/MS3/preprocessing/MS3_rawData/UTKFace/6_1_face_5384.jpg,4,2
/home/sarah/Deep-Learning/MS3/preprocessing/MS3_rawData/UTKFace/58_0_face_181.jpg,5,6
/home/sarah/Deep-Learning/MS3/preprocessing/MS3_rawData/noFace/animals10_cow_459.jpg,3,4
